USE u774510961_kosumi;
-- =========================================================================
-- DỮ LIỆU DEMO KOSUMI APP (NGÀNH XƯỞNG ĐÚC) — BẢN ĐẦY ĐỦ (~100+ bản ghi/bảng chính)
-- Sinh tự động bởi scripts/gen-demo.js. Mốc thời gian: 2026-06-17.
-- Chạy nguyên khối trong phpMyAdmin / MySQL CLI.
-- =========================================================================

SET FOREIGN_KEY_CHECKS = 0;
TRUNCATE TABLE timesheet_entries;
TRUNCATE TABLE task_assignments;
TRUNCATE TABLE tasks;
TRUNCATE TABLE quote_payment_steps;
TRUNCATE TABLE quote_items;
TRUNCATE TABLE quotes;
TRUNCATE TABLE projects;
TRUNCATE TABLE worker_contracts;
TRUNCATE TABLE workers;
TRUNCATE TABLE customer_contacts;
TRUNCATE TABLE customers;
TRUNCATE TABLE sites;
SET FOREIGN_KEY_CHECKS = 1;

-- 1. SITES
INSERT INTO sites (id, code, name, type, industrial_zone, address, city, phone, area_m2, status, created_at, updated_at) VALUES
('50161e91-c579-43b9-b40c-e09b40ce4cb6', 'S-DUC-01', 'Phân xưởng Đúc Nóng (Gang & Đồng)', 'factory', 'KCN Nhơn Trạch', 'Lô 21, KCN Nhơn Trạch', 'Đồng Nai', '0251183101', 3500.5, 'active', NOW(), NOW()),
('5d09eea2-9b1a-47e4-b1f5-83980c24f8aa', 'S-CNC-01', 'Phân xưởng Gia công CNC & Làm nguội', 'factory', 'KCN Amata', 'Lô 12, KCN Amata', 'Đồng Nai', '0256197545', 1200, 'active', NOW(), NOW()),
('e92020f5-82e1-44f4-91d7-90d84b7e67d3', 'S-REN-01', 'Phân xưởng Làm khuôn & Tạo mẫu', 'factory', 'KCN Biên Hòa 2', 'Lô 15, KCN Biên Hòa 2', 'Đồng Nai', '0258877662', 900, 'active', NOW(), NOW()),
('0e3e0393-78c3-41e7-ace6-2c3569584f86', 'S-KHO-01', 'Kho Vật tư & Thành phẩm', 'warehouse', 'KCN Sóng Thần', 'Lô 30, KCN Sóng Thần', 'Bình Dương', '0258268511', 2000, 'active', NOW(), NOW()),
('7cc55544-d1fa-43e7-8748-bd504864f309', 'S-LAP-01', 'Xưởng Lắp ráp & Hoàn thiện', 'construction', 'KCN Long Thành', 'Lô 28, KCN Long Thành', 'Đồng Nai', '0257692408', 1500, 'preparing', NOW(), NOW());

-- 2. CUSTOMERS
INSERT INTO customers (id, code, name, type, tax_code, address, website, status, default_validity_days, default_delivery_days, default_payment_terms, created_at, updated_at) VALUES
('d3671c54-25ed-45db-8868-9eea38891f99', 'C-001', 'Công ty Phụ Tùng Ô tô VINA', 'business', '0397473155', 'KCN, Long An', 'c-001.vn', 'pending', 15, 60, '40-60', NOW(), NOW()),
('e346ea79-224d-402a-976c-03b639a495b0', 'C-002', 'Công ty Bơm Công Nghiệp Châu Á', 'business', '0332826701', 'KCN, Long An', 'c-002.vn', 'pending', 10, 45, '30-40-30', NOW(), NOW()),
('b713908c-ac26-490f-8dd5-fab36963bbfe', 'C-003', 'Cơ sở Mỹ Nghệ Đúc Đồng Ý Yên', 'studio', '0355089631', 'KCN, Long An', NULL, 'active', 10, 30, '30-40-30', NOW(), NOW()),
('ff27b728-756b-4f41-9a93-076f90c0c751', 'C-004', 'Công ty Cơ Khí Chính Xác Tân Tiến', 'business', '0340594017', 'KCN, Nam Định', 'c-004.vn', 'active', 10, 45, '30-40-30', NOW(), NOW()),
('dbe931e1-dfba-4e6d-903e-bc90337a491c', 'C-005', 'Công ty Van & Phụ Kiện Thủy Lực', 'business', '0358200851', 'KCN, Đồng Nai', 'c-005.vn', 'active', 30, 30, '100', NOW(), NOW()),
('7e8d8642-c4b7-4887-bcd5-2d1ac2da848e', 'C-006', 'Công ty Đúc Gang Miền Nam', 'business', '0398205504', 'KCN, Nam Định', 'c-006.vn', 'active', 30, 30, '50-50', NOW(), NOW()),
('ef2136cc-2cb6-4205-9a13-335a75ca93df', 'C-007', 'Công ty Thiết Bị Nặng Trường Hải', 'business', '0354515110', 'KCN, Long An', 'c-007.vn', 'inactive', 30, 30, '30-40-30', NOW(), NOW()),
('7c5674b3-afce-45d4-95b9-acaa183e2c11', 'C-008', 'Công ty Linh Kiện Tàu Biển Sài Gòn', 'foreign', '0367303444', 'KCN, Hà Nội', 'c-008.vn', 'active', 30, 60, '100', NOW(), NOW()),
('23ebf49a-086d-48bc-a289-33c86ec1dd19', 'C-009', 'Công ty Khuôn Mẫu Kim Loại Đông Á', 'business', '0310070435', 'KCN, Đồng Nai', 'c-009.vn', 'inactive', 15, 30, '30-40-30', NOW(), NOW()),
('58f8ed88-f9d3-47da-89d7-5c913f7252e9', 'C-010', 'Cơ sở Tượng Đài & Mỹ Thuật Hà Nội', 'studio', '0333769461', 'KCN, Hà Nội', NULL, 'active', 15, 30, '100', NOW(), NOW()),
('3aa81111-ec0b-4101-8c9b-51950bde1414', 'C-011', 'Công ty Phụ Tùng Máy Nông Nghiệp', 'business', '0366079327', 'KCN, TP.HCM', 'c-011.vn', 'active', 15, 60, '30-40-30', NOW(), NOW()),
('937c5a28-a1cd-4f91-877c-04a29201c2bc', 'C-012', 'Công ty Kết Cấu Thép Bình Dương', 'business', '0322284069', 'KCN, TP.HCM', 'c-012.vn', 'active', 15, 45, '30-40-30', NOW(), NOW()),
('5897902c-f09e-4019-9050-40c156e6bd90', 'C-013', 'Công ty Bánh Răng & Trục Vít CNC', 'business', '0308893477', 'KCN, Nam Định', 'c-013.vn', 'active', 10, 60, '100', NOW(), NOW()),
('7be4746b-4987-4ad0-97f5-0b15a5c8cc17', 'C-014', 'Cơ sở Đồ Thờ Đồng Truyền Thống', 'studio', '0381594921', 'KCN, Hà Nội', NULL, 'pending', 30, 45, '100', NOW(), NOW()),
('cf02766c-26ec-4e4b-826e-5f4dd1488f39', 'C-015', 'Công ty Thiết Bị Khai Khoáng Tây Nguyên', 'state', '0316884892', 'KCN, Hà Nội', 'c-015.vn', 'active', 10, 30, '50-50', NOW(), NOW());

-- 3. CUSTOMER CONTACTS
INSERT INTO customer_contacts (id, customer_id, full_name, title, phone, email, is_primary, sort_order, created_at, updated_at) VALUES
('1e388cd1-9cfa-4432-8a50-80b75383eef4', 'd3671c54-25ed-45db-8868-9eea38891f99', 'Đặng Đình Hùng', 'Giám đốc Kỹ thuật', '0983840867', 'lienhe411@email.vn', 1, 0, NOW(), NOW()),
('6ce25294-48c4-4ecc-9ad4-35820795ed0b', 'e346ea79-224d-402a-976c-03b639a495b0', 'Lê Đình Thép', 'Nhân viên Vật tư', '0948437716', 'lienhe924@email.vn', 1, 0, NOW(), NOW()),
('856ebdb8-c4f2-41ab-8812-bc5a55563ec2', 'e346ea79-224d-402a-976c-03b639a495b0', 'Hồ Hồng Linh', 'Trưởng phòng Mua hàng', '0961948660', NULL, 0, 1, NOW(), NOW()),
('94d22e9e-33c7-40b2-a27f-fe351fc5f1bc', 'b713908c-ac26-490f-8dd5-fab36963bbfe', 'Đinh Đình Hùng', 'Kế toán trưởng', '0939146408', 'lienhe584@email.vn', 1, 0, NOW(), NOW()),
('27c3eb84-f319-46e3-924e-e3a0b167523e', 'ff27b728-756b-4f41-9a93-076f90c0c751', 'Ngô Phương Hoa', 'Kế toán trưởng', '0956354175', 'lienhe470@email.vn', 1, 0, NOW(), NOW()),
('a8a06ccf-fef6-4d23-9bb3-48457b627056', 'ff27b728-756b-4f41-9a93-076f90c0c751', 'Hồ Thị Hằng', 'Nhân viên Vật tư', '0986100880', NULL, 0, 1, NOW(), NOW()),
('5490b044-0786-4215-a6f4-cac6068ea63c', 'dbe931e1-dfba-4e6d-903e-bc90337a491c', 'Tô Minh Thép', 'Chủ cơ sở', '0988003321', 'lienhe757@email.vn', 1, 0, NOW(), NOW()),
('72158b2e-054a-42b9-bcd1-f4ff78dcc1c7', 'dbe931e1-dfba-4e6d-903e-bc90337a491c', 'Vũ Công Đúc', 'Nhân viên Vật tư', '0991451112', NULL, 0, 1, NOW(), NOW()),
('0e2911cb-a48b-4fe3-aa52-f6e02587abf8', '7e8d8642-c4b7-4887-bcd5-2d1ac2da848e', 'Đỗ Thu Thảo', 'Kế toán trưởng', '0918219738', 'lienhe738@email.vn', 1, 0, NOW(), NOW()),
('c4332d00-7caa-45bf-87bc-a4b1a7dc3431', 'ef2136cc-2cb6-4205-9a13-335a75ca93df', 'Nguyễn Quốc Cường', 'Kế toán trưởng', '0911179492', 'lienhe728@email.vn', 1, 0, NOW(), NOW()),
('ad3c3855-c1dc-42ec-8668-da19e9f11baa', 'ef2136cc-2cb6-4205-9a13-335a75ca93df', 'Ngô Hữu Phay', 'Nhân viên Vật tư', '0964752609', NULL, 0, 1, NOW(), NOW()),
('2516949a-59b2-4208-8098-1e0b14e11fa0', '7c5674b3-afce-45d4-95b9-acaa183e2c11', 'Phan Mỹ Thảo', 'Trưởng phòng Mua hàng', '0937125538', 'lienhe46@email.vn', 1, 0, NOW(), NOW()),
('5cd157a4-c36d-4e92-8632-44b0f1a1e31a', '23ebf49a-086d-48bc-a289-33c86ec1dd19', 'Võ Phương Khuôn', 'Kế toán trưởng', '0928022175', 'lienhe32@email.vn', 1, 0, NOW(), NOW()),
('0f90a677-5198-40f0-8d1e-5b93d9445b64', '23ebf49a-086d-48bc-a289-33c86ec1dd19', 'Đỗ Công Sơn', 'Giám đốc Kỹ thuật', '0997954995', NULL, 0, 1, NOW(), NOW()),
('74b8ea2d-6ebe-4faa-a844-4dee83b9db49', '58f8ed88-f9d3-47da-89d7-5c913f7252e9', 'Đặng Ngọc Nhung', 'Trưởng phòng Mua hàng', '0924321063', 'lienhe425@email.vn', 1, 0, NOW(), NOW()),
('68cdac7b-6b7a-4cc7-9325-19ec68f39e9c', '58f8ed88-f9d3-47da-89d7-5c913f7252e9', 'Phan Minh Đột', 'Giám đốc Kỹ thuật', '0939312135', NULL, 0, 1, NOW(), NOW()),
('a4ade1ac-dff6-42cc-b486-2d482b7d7529', '3aa81111-ec0b-4101-8c9b-51950bde1414', 'Ngô Đình Tài', 'Giám đốc Kỹ thuật', '0932758505', 'lienhe874@email.vn', 1, 0, NOW(), NOW()),
('7cafc6f5-7c9c-4d61-9b0a-3ac28742f1b7', '3aa81111-ec0b-4101-8c9b-51950bde1414', 'Lê Kim Thảo', 'Chủ cơ sở', '0981520795', NULL, 0, 1, NOW(), NOW()),
('e498bde6-fc9c-4ee1-87cd-ad3813ff7495', '937c5a28-a1cd-4f91-877c-04a29201c2bc', 'Phan Minh Lò', 'Chủ cơ sở', '0968048836', 'lienhe682@email.vn', 1, 0, NOW(), NOW()),
('dd558ab7-a735-4ff2-8982-04bbe3d29b7d', '937c5a28-a1cd-4f91-877c-04a29201c2bc', 'Trần Quốc Lực', 'Giám đốc Kỹ thuật', '0976027699', NULL, 0, 1, NOW(), NOW()),
('10667b13-9dcf-4636-8efd-755d003524bc', '5897902c-f09e-4019-9050-40c156e6bd90', 'Nguyễn Văn Tài', 'Nhân viên Vật tư', '0922835262', 'lienhe772@email.vn', 1, 0, NOW(), NOW()),
('8eb3c9ee-0fdc-441e-aff5-92e9d6154cf1', '5897902c-f09e-4019-9050-40c156e6bd90', 'Võ Mỹ Nhung', 'Giám đốc Kỹ thuật', '0951612054', NULL, 0, 1, NOW(), NOW()),
('71b1e20c-d06e-4378-8ba8-161d6cbe85af', '7be4746b-4987-4ad0-97f5-0b15a5c8cc17', 'Dương Hữu Thép', 'Trưởng phòng Mua hàng', '0935328088', 'lienhe139@email.vn', 1, 0, NOW(), NOW()),
('65475e16-97f2-4372-a98b-ad61f9462793', '7be4746b-4987-4ad0-97f5-0b15a5c8cc17', 'Võ Hồng Mai', 'Kế toán trưởng', '0951995991', NULL, 0, 1, NOW(), NOW()),
('ae504544-f91a-4b2e-8ff5-36680079ba27', 'cf02766c-26ec-4e4b-826e-5f4dd1488f39', 'Nguyễn Thanh Khuôn', 'Trưởng phòng Mua hàng', '0966245073', 'lienhe975@email.vn', 1, 0, NOW(), NOW()),
('31161e37-7be8-462c-8f9a-66fb8783c760', 'cf02766c-26ec-4e4b-826e-5f4dd1488f39', 'Đặng Hồng Linh', 'Nhân viên Vật tư', '0910620538', NULL, 0, 1, NOW(), NOW());

-- 4. WORKERS (100)
INSERT INTO workers (id, code, full_name, gender, date_of_birth, id_number, phone, position, specialty, status, site_id, created_at, updated_at) VALUES
('d1d189f1-7eed-42fe-9be7-1bc83488cca7', 'W-001', 'Võ Công Dũng', 'male', '1997-08-13', '012345679112', '0994764763', 'supervisor', 'Đúc đồng mỹ nghệ', 'working', '50161e91-c579-43b9-b40c-e09b40ce4cb6', NOW(), NOW()),
('2cced6b8-cdb8-4961-b7ad-a6e7b9989dab', 'W-002', 'Bùi Đình Đúc', 'male', '1999-09-21', '012345678921', '0914921554', 'other', 'Hàn kết cấu', 'working', '7cc55544-d1fa-43e7-8748-bd504864f309', NOW(), NOW()),
('f35b0bf7-c775-438d-9a43-c6ebf9d2d977', 'W-003', 'Ngô Xuân An', 'male', '1980-03-22', '012345684766', '0944372032', 'team_leader', 'Đúc đồng mỹ nghệ', 'working', 'e92020f5-82e1-44f4-91d7-90d84b7e67d3', NOW(), NOW()),
('1b3420c2-d5b8-4d4d-89fe-06ac69b9f05d', 'W-004', 'Lý Đình Phay', 'male', '1983-10-19', '012345696333', '0957555698', 'team_leader', 'Kiểm tra siêu âm', 'working', '0e3e0393-78c3-41e7-ace6-2c3569584f86', NOW(), NOW()),
('c75004e0-e5e1-4b53-933c-30d96d3b1979', 'W-005', 'Lê Minh Cường', 'male', '1980-09-03', '012345691199', '0926793598', 'team_leader', 'Hàn kết cấu', 'working', '5d09eea2-9b1a-47e4-b1f5-83980c24f8aa', NOW(), NOW()),
('a0f689f5-8109-45c9-9504-e3e0cdcf37c5', 'W-006', 'Dương Kim Mai', 'female', '1991-09-14', '012345692385', '0997631886', 'supervisor', 'Tiện vạn năng', 'working', '5d09eea2-9b1a-47e4-b1f5-83980c24f8aa', NOW(), NOW()),
('5b473497-c8f7-4898-9f6c-289a6bd15d96', 'W-007', 'Phạm Trọng Bình', 'male', '1999-07-18', '012345687190', '0946393677', 'technician', 'Đúc đồng mỹ nghệ', 'resigned', '7cc55544-d1fa-43e7-8748-bd504864f309', NOW(), NOW()),
('39489825-0eeb-4884-b1fd-3d16242cd968', 'W-008', 'Tô Quốc Phay', 'male', '1986-03-14', '012345681891', '0993526091', 'worker', 'Mài & làm nguội', 'working', '7cc55544-d1fa-43e7-8748-bd504864f309', NOW(), NOW()),
('414c51eb-a95a-4ec3-9ede-1664ea59462d', 'W-009', 'Đặng Quốc Hải', 'male', '1987-07-02', '012345684491', '0986502195', 'senior_worker', 'Hàn kết cấu', 'working', '0e3e0393-78c3-41e7-ace6-2c3569584f86', NOW(), NOW()),
('807d7da0-dbba-4ccc-8c59-17be0f4e7921', 'W-010', 'Tô Đình Phay', 'male', '1977-11-20', '012345696269', '0985016464', 'supervisor', 'Nấu rót kim loại', 'resigned', 'e92020f5-82e1-44f4-91d7-90d84b7e67d3', NOW(), NOW()),
('002e1f05-224e-430a-a685-c6de2430cc8d', 'W-011', 'Vũ Quốc Lực', 'male', '1982-11-22', '012345699507', '0939340642', 'worker', 'Kiểm tra siêu âm', 'working', '5d09eea2-9b1a-47e4-b1f5-83980c24f8aa', NOW(), NOW()),
('f7399184-7be9-42ee-a666-1dbb89f3465e', 'W-012', 'Dương Trọng Đột', 'male', '1996-08-17', '012345684068', '0924349272', 'apprentice', 'Phụ việc xưởng', 'resigned', '7cc55544-d1fa-43e7-8748-bd504864f309', NOW(), NOW()),
('6cd21a14-dd2d-4f0f-bdd0-b29645077d8f', 'W-013', 'Bùi Bá Tài', 'male', '1977-11-13', '012345685399', '0981128882', 'team_leader', 'Mài & làm nguội', 'working', '50161e91-c579-43b9-b40c-e09b40ce4cb6', NOW(), NOW()),
('a3f55d93-b049-48bf-b206-f4691e1764b9', 'W-014', 'Phạm Quốc Phát', 'male', '1989-02-01', '012345689737', '0930090865', 'supervisor', 'Hàn kết cấu', 'working', 'e92020f5-82e1-44f4-91d7-90d84b7e67d3', NOW(), NOW()),
('a669b48c-fe39-4ebc-ad8d-cfc7a0f37695', 'W-015', 'Trương Trọng Lâm', 'male', '1992-05-25', '012345691909', '0945210839', 'supervisor', 'Phay CNC', 'resigned', '5d09eea2-9b1a-47e4-b1f5-83980c24f8aa', NOW(), NOW()),
('d97bc3a4-82d9-4417-9023-58c69fd96889', 'W-016', 'Đỗ Bá Cường', 'male', '2001-10-03', '012345690942', '0920987539', 'apprentice', 'Phụ việc xưởng', 'working', 'e92020f5-82e1-44f4-91d7-90d84b7e67d3', NOW(), NOW()),
('55b0edb2-30b0-4c00-b875-a4b0322521a1', 'W-017', 'Trương Quốc Tâm', 'male', '1996-12-08', '012345698680', '0940228154', 'senior_worker', 'Hàn kết cấu', 'resigned', '7cc55544-d1fa-43e7-8748-bd504864f309', NOW(), NOW()),
('5693c889-66c0-4f9e-9be9-852f9a9cd5b3', 'W-018', 'Hồ Đình Phay', 'male', '1989-09-07', '012345678204', '0923629270', 'senior_worker', 'Mài & làm nguội', 'on_leave', '50161e91-c579-43b9-b40c-e09b40ce4cb6', NOW(), NOW()),
('8f08174f-c87f-4009-8753-0d639314cfd9', 'W-019', 'Vũ Đức Đột', 'male', '1985-07-28', '012345698622', '0925616577', 'supervisor', 'Quản lý tổ đúc', 'working', '7cc55544-d1fa-43e7-8748-bd504864f309', NOW(), NOW()),
('267fedb5-36bf-44ef-98fd-9ddc4767cd3b', 'W-020', 'Phan Xuân Tâm', 'male', '1988-08-18', '012345679738', '0939940188', 'supervisor', 'Làm khuôn thạch cao', 'absent', '50161e91-c579-43b9-b40c-e09b40ce4cb6', NOW(), NOW()),
('592f0e44-7f81-49a5-9b76-448c4ab0215d', 'W-021', 'Nguyễn Công An', 'male', '1993-07-02', '012345695343', '0998282490', 'apprentice', 'Phụ việc xưởng', 'resigned', '7cc55544-d1fa-43e7-8748-bd504864f309', NOW(), NOW()),
('bcf8f9a3-a075-4293-b42f-371a2f73788a', 'W-022', 'Tô Bá Tâm', 'male', '1984-03-24', '012345693582', '0974777403', 'other', 'Kiểm tra siêu âm', 'working', '50161e91-c579-43b9-b40c-e09b40ce4cb6', NOW(), NOW()),
('c32a8b4a-33c4-4f75-87e7-f8bc73a3b569', 'W-023', 'Hồ Thị Linh', 'female', '1993-12-28', '012345693109', '0966655460', 'supervisor', 'Quản lý tổ đúc', 'working', 'e92020f5-82e1-44f4-91d7-90d84b7e67d3', NOW(), NOW()),
('cf778eb9-f1c9-4619-89a2-925b551b426f', 'W-024', 'Võ Xuân Cường', 'male', '1995-10-13', '012345696470', '0961800731', 'apprentice', 'Phụ việc xưởng', 'absent', '50161e91-c579-43b9-b40c-e09b40ce4cb6', NOW(), NOW()),
('ba563713-478f-4965-ba6b-f18a13bd9a3f', 'W-025', 'Lý Công Tài', 'male', '1996-05-12', '012345680355', '0993852818', 'worker', 'Đúc gang cầu', 'working', '5d09eea2-9b1a-47e4-b1f5-83980c24f8aa', NOW(), NOW()),
('cf4671da-b389-4f22-a41e-cdc7321b8cd0', 'W-026', 'Hoàng Đức Dũng', 'male', '1999-08-25', '012345695738', '0942716340', 'senior_worker', 'Tiện vạn năng', 'working', '50161e91-c579-43b9-b40c-e09b40ce4cb6', NOW(), NOW()),
('3814a2bf-e6d1-4495-86bc-fc1716d2bcec', 'W-027', 'Tô Hữu Phát', 'male', '1999-11-16', '012345681710', '0977775347', 'apprentice', 'Phụ việc xưởng', 'working', '50161e91-c579-43b9-b40c-e09b40ce4cb6', NOW(), NOW()),
('9c982b89-772e-48c5-b2d0-278632d5a1c5', 'W-028', 'Vũ Trọng Lò', 'male', '1987-07-05', '012345695940', '0966679747', 'supervisor', 'Kiểm tra siêu âm', 'working', '0e3e0393-78c3-41e7-ace6-2c3569584f86', NOW(), NOW()),
('dd10ec4f-3175-48ae-845b-e77c010a17e6', 'W-029', 'Hoàng Hữu Phát', 'male', '2000-03-17', '012345679011', '0973720868', 'apprentice', 'Phụ việc xưởng', 'absent', 'e92020f5-82e1-44f4-91d7-90d84b7e67d3', NOW(), NOW()),
('d9a8b13c-80b9-4fba-860b-d5730fe73379', 'W-030', 'Lê Quốc Hùng', 'male', '1987-01-22', '012345678799', '0962762576', 'supervisor', 'Vận hành lò trung tần', 'working', '50161e91-c579-43b9-b40c-e09b40ce4cb6', NOW(), NOW()),
('d9223920-8657-4ff3-9762-d2750f9bdd84', 'W-031', 'Trần Mỹ Khuôn', 'female', '1993-01-06', '012345695946', '0960930614', 'worker', 'Làm khuôn cát', 'on_leave', '7cc55544-d1fa-43e7-8748-bd504864f309', NOW(), NOW()),
('226739db-94f5-4c96-af39-fbc1bf8c0f06', 'W-032', 'Vũ Xuân Lâm', 'male', '1984-02-28', '012345698407', '0912872723', 'supervisor', 'Nấu rót kim loại', 'working', '5d09eea2-9b1a-47e4-b1f5-83980c24f8aa', NOW(), NOW()),
('26149372-f15e-465a-9b84-b09793b82381', 'W-033', 'Nguyễn Trọng Cường', 'male', '1985-06-04', '012345697158', '0994612400', 'team_leader', 'Làm khuôn cát', 'working', '0e3e0393-78c3-41e7-ace6-2c3569584f86', NOW(), NOW()),
('6c4d26a3-736a-43f6-840e-a05c2c1b222c', 'W-034', 'Trần Văn Lò', 'male', '1996-03-28', '012345699382', '0958161448', 'worker', 'Mạ & đánh bóng', 'working', '0e3e0393-78c3-41e7-ace6-2c3569584f86', NOW(), NOW()),
('979ba8df-9a24-4631-b9a3-da6b4edd5808', 'W-035', 'Bùi Hữu Đúc', 'male', '1988-03-03', '012345695742', '0993560521', 'technician', 'Quản lý tổ đúc', 'working', 'e92020f5-82e1-44f4-91d7-90d84b7e67d3', NOW(), NOW()),
('cd347a86-62f4-43be-b2b5-2d946599a34f', 'W-036', 'Vũ Đình Phay', 'male', '1982-12-11', '012345681471', '0967839355', 'team_leader', 'Nấu rót kim loại', 'working', '7cc55544-d1fa-43e7-8748-bd504864f309', NOW(), NOW()),
('767b2ba1-ed64-4035-9488-8f3f9e2db9fd', 'W-037', 'Trương Xuân Bình', 'male', '1994-06-18', '012345698188', '0958404654', 'worker', 'Tiện vạn năng', 'resigned', '0e3e0393-78c3-41e7-ace6-2c3569584f86', NOW(), NOW()),
('1e68a503-3682-41ef-b556-13a461225a85', 'W-038', 'Dương Đình Tâm', 'male', '1984-09-19', '012345691139', '0928578333', 'supervisor', 'Hàn kết cấu', 'absent', '50161e91-c579-43b9-b40c-e09b40ce4cb6', NOW(), NOW()),
('f0375a5e-1dc4-4425-9b3a-6864e6e56b87', 'W-039', 'Đinh Hữu Khoa', 'male', '1992-12-28', '012345685269', '0962766000', 'other', 'Làm khuôn thạch cao', 'working', '50161e91-c579-43b9-b40c-e09b40ce4cb6', NOW(), NOW()),
('b890b1d4-c456-40bf-af1a-5f61dc6cc45a', 'W-040', 'Trần Văn Thép', 'male', '1999-01-09', '012345685234', '0946238428', 'worker', 'Nấu rót kim loại', 'working', '7cc55544-d1fa-43e7-8748-bd504864f309', NOW(), NOW());

INSERT INTO workers (id, code, full_name, gender, date_of_birth, id_number, phone, position, specialty, status, site_id, created_at, updated_at) VALUES
('5752c79c-3c22-4799-a16a-624ea670e92e', 'W-041', 'Dương Bá An', 'male', '1977-10-10', '012345697890', '0998863769', 'supervisor', 'Kiểm tra siêu âm', 'working', '7cc55544-d1fa-43e7-8748-bd504864f309', NOW(), NOW()),
('5c71ec64-2772-432b-ad27-935ac7c3a3d5', 'W-042', 'Nguyễn Kim Hoa', 'female', '1999-11-04', '012345683893', '0911584438', 'apprentice', 'Phụ việc xưởng', 'working', 'e92020f5-82e1-44f4-91d7-90d84b7e67d3', NOW(), NOW()),
('dcfa9519-ad9f-4ca7-a315-99a193b4be80', 'W-043', 'Hoàng Thu Thảo', 'female', '1978-03-04', '012345689544', '0955360005', 'team_leader', 'Đúc gang cầu', 'resigned', 'e92020f5-82e1-44f4-91d7-90d84b7e67d3', NOW(), NOW()),
('5df0b0ad-3207-474c-8699-e0ff5a5504dc', 'W-044', 'Lý Đình Hùng', 'male', '1982-06-21', '012345693687', '0967768012', 'team_leader', 'Mài & làm nguội', 'working', 'e92020f5-82e1-44f4-91d7-90d84b7e67d3', NOW(), NOW()),
('24f2546c-8087-47ce-bf8f-e07735c07ac7', 'W-045', 'Lý Thu Hoa', 'female', '1980-06-13', '012345678427', '0958617609', 'other', 'Làm khuôn cát', 'working', '0e3e0393-78c3-41e7-ace6-2c3569584f86', NOW(), NOW()),
('f1768433-5694-4ad6-9b9b-d4eb7f83f453', 'W-046', 'Phan Đình Hùng', 'male', '1982-10-12', '012345689432', '0960060492', 'technician', 'Tiện vạn năng', 'working', 'e92020f5-82e1-44f4-91d7-90d84b7e67d3', NOW(), NOW()),
('4f8e8a43-264c-49b1-95a1-fe8f6247ea6d', 'W-047', 'Ngô Hữu Lò', 'male', '1993-01-20', '012345687396', '0915668562', 'other', 'Tiện vạn năng', 'working', 'e92020f5-82e1-44f4-91d7-90d84b7e67d3', NOW(), NOW()),
('821d9315-0b29-431e-add2-6fdc77a0ed31', 'W-048', 'Dương Thu Hoa', 'female', '1993-08-04', '012345694806', '0970209759', 'senior_worker', 'Quản lý tổ đúc', 'on_leave', '50161e91-c579-43b9-b40c-e09b40ce4cb6', NOW(), NOW()),
('2efa1ad7-7aa3-44c6-8f69-e5507edbd0cb', 'W-049', 'Võ Quốc Khoa', 'male', '1998-11-20', '012345687661', '0953280565', 'senior_worker', 'Kiểm tra siêu âm', 'working', '7cc55544-d1fa-43e7-8748-bd504864f309', NOW(), NOW()),
('d27acf60-af15-45d6-830d-a63148218cd8', 'W-050', 'Ngô Hữu Khoa', 'male', '1990-01-14', '012345696570', '0989825364', 'other', 'Đúc gang cầu', 'working', '0e3e0393-78c3-41e7-ace6-2c3569584f86', NOW(), NOW()),
('7dc144d5-3eef-452b-ba78-17a5f13b10cb', 'W-051', 'Hoàng Trọng Quân', 'male', '1987-10-16', '012345683340', '0995054287', 'team_leader', 'Nấu rót kim loại', 'resigned', '7cc55544-d1fa-43e7-8748-bd504864f309', NOW(), NOW()),
('f5f59dce-edef-4899-bb40-0fe3d36a5236', 'W-052', 'Đặng Đình Tâm', 'male', '1977-12-25', '012345679284', '0961671995', 'team_leader', 'Quản lý tổ đúc', 'working', '7cc55544-d1fa-43e7-8748-bd504864f309', NOW(), NOW()),
('735196a6-338d-4603-921d-53e9058947ad', 'W-053', 'Phan Kim Nhung', 'female', '1981-04-26', '012345678253', '0973892461', 'worker', 'Làm khuôn cát', 'absent', '0e3e0393-78c3-41e7-ace6-2c3569584f86', NOW(), NOW()),
('e2cced48-1e50-4961-8763-70218e506cfc', 'W-054', 'Đặng Xuân Đúc', 'male', '1990-08-25', '012345687291', '0930040611', 'senior_worker', 'Hàn kết cấu', 'working', 'e92020f5-82e1-44f4-91d7-90d84b7e67d3', NOW(), NOW()),
('dd33fa72-8a7d-46d7-94b5-a8d8d2ab62cc', 'W-055', 'Lê Công Lâm', 'male', '1997-11-06', '012345690539', '0920537137', 'senior_worker', 'Nấu rót kim loại', 'absent', '0e3e0393-78c3-41e7-ace6-2c3569584f86', NOW(), NOW()),
('12afcfdd-dece-4f08-b565-5488fe8ea951', 'W-056', 'Đinh Kim Thảo', 'female', '1996-09-26', '012345688494', '0918599543', 'supervisor', 'Mài & làm nguội', 'working', '5d09eea2-9b1a-47e4-b1f5-83980c24f8aa', NOW(), NOW()),
('fa06684c-1da4-43d4-bb18-1a54f1ec0bef', 'W-057', 'Lê Văn Nam', 'male', '1990-02-28', '012345678052', '0960762651', 'senior_worker', 'Mài & làm nguội', 'working', '5d09eea2-9b1a-47e4-b1f5-83980c24f8aa', NOW(), NOW()),
('37657876-aa32-4f13-9bf9-1e93443be3c5', 'W-058', 'Đỗ Hữu Lò', 'male', '1981-07-18', '012345681771', '0912365163', 'worker', 'Làm khuôn thạch cao', 'on_leave', '5d09eea2-9b1a-47e4-b1f5-83980c24f8aa', NOW(), NOW()),
('27550d2d-6f64-4f01-a6cd-7ebec9861675', 'W-059', 'Lê Công Hải', 'male', '1982-08-23', '012345684890', '0996771771', 'technician', 'Phụ việc xưởng', 'working', 'e92020f5-82e1-44f4-91d7-90d84b7e67d3', NOW(), NOW()),
('45c94f2e-b2cd-46e2-8c35-d4552239378c', 'W-060', 'Đinh Trọng Lực', 'male', '1987-04-28', '012345678224', '0936046898', 'senior_worker', 'Phay CNC', 'working', 'e92020f5-82e1-44f4-91d7-90d84b7e67d3', NOW(), NOW()),
('756f707b-6cf0-4f09-80b1-a2ae5ee21063', 'W-061', 'Phạm Mỹ Thảo', 'female', '1989-10-26', '012345678536', '0984073421', 'supervisor', 'Làm khuôn thạch cao', 'resigned', 'e92020f5-82e1-44f4-91d7-90d84b7e67d3', NOW(), NOW()),
('655443c2-cfa7-4512-b04d-857d0d38225a', 'W-062', 'Đặng Ngọc Hằng', 'female', '1996-11-14', '012345687574', '0982600746', 'senior_worker', 'Kiểm tra siêu âm', 'working', '7cc55544-d1fa-43e7-8748-bd504864f309', NOW(), NOW()),
('802521d7-283e-4459-b767-8cae2d790a17', 'W-063', 'Dương Phương Thảo', 'female', '1977-11-16', '012345683826', '0949556100', 'team_leader', 'Làm khuôn thạch cao', 'absent', '0e3e0393-78c3-41e7-ace6-2c3569584f86', NOW(), NOW()),
('a839c25a-9416-4906-a04f-23e701b9755d', 'W-064', 'Hồ Bá Lò', 'male', '1981-02-25', '012345692828', '0948170558', 'other', 'Nấu rót kim loại', 'working', '5d09eea2-9b1a-47e4-b1f5-83980c24f8aa', NOW(), NOW()),
('ca731dda-776b-4644-8508-bcb36a3576c0', 'W-065', 'Đặng Quốc Thép', 'male', '1995-08-23', '012345680111', '0944514302', 'worker', 'Nấu rót kim loại', 'on_leave', 'e92020f5-82e1-44f4-91d7-90d84b7e67d3', NOW(), NOW()),
('dcb958e8-5d68-4c6c-b462-7204286bc446', 'W-066', 'Phạm Đình Quân', 'male', '1994-05-28', '012345690370', '0932801835', 'other', 'Phay CNC', 'working', '50161e91-c579-43b9-b40c-e09b40ce4cb6', NOW(), NOW()),
('d88af957-6f67-4c96-a432-694f4cc10ae2', 'W-067', 'Dương Mỹ Mai', 'female', '1972-03-02', '012345696797', '0963594889', 'team_leader', 'Làm khuôn cát', 'resigned', 'e92020f5-82e1-44f4-91d7-90d84b7e67d3', NOW(), NOW()),
('faececc4-93c4-4feb-866a-5f8c68d2a41f', 'W-068', 'Phan Kim Khuôn', 'female', '2002-08-14', '012345680725', '0925226613', 'apprentice', 'Phụ việc xưởng', 'working', '5d09eea2-9b1a-47e4-b1f5-83980c24f8aa', NOW(), NOW()),
('53bd6270-3618-4e25-b3b4-9447a359fb27', 'W-069', 'Phạm Xuân Đúc', 'male', '1995-04-05', '012345687333', '0938690292', 'other', 'Nấu rót kim loại', 'resigned', '7cc55544-d1fa-43e7-8748-bd504864f309', NOW(), NOW()),
('5de29698-629f-4ba2-9945-149bee4051cb', 'W-070', 'Trương Xuân Tài', 'male', '1996-01-05', '012345681068', '0952505616', 'apprentice', 'Phụ việc xưởng', 'working', '0e3e0393-78c3-41e7-ace6-2c3569584f86', NOW(), NOW()),
('d0ae2e0e-bdbd-4040-b266-97c9e6814ff1', 'W-071', 'Phạm Văn Lâm', 'male', '1983-03-05', '012345685884', '0934729548', 'worker', 'Phụ việc xưởng', 'absent', '5d09eea2-9b1a-47e4-b1f5-83980c24f8aa', NOW(), NOW()),
('54576136-9d40-49ab-8aa3-b3160f4a2ac9', 'W-072', 'Nguyễn Quốc Dũng', 'male', '1990-01-14', '012345691413', '0993850495', 'senior_worker', 'Làm khuôn thạch cao', 'absent', '50161e91-c579-43b9-b40c-e09b40ce4cb6', NOW(), NOW()),
('670e5279-d875-48f5-b3d1-58087339b5b7', 'W-073', 'Đinh Hữu Lâm', 'male', '2002-01-12', '012345698158', '0999686309', 'apprentice', 'Phụ việc xưởng', 'absent', '50161e91-c579-43b9-b40c-e09b40ce4cb6', NOW(), NOW()),
('a3de0d07-6df3-4f70-b7ef-0261d190e1a2', 'W-074', 'Hoàng Trọng Đột', 'male', '1979-10-01', '012345679077', '0969960341', 'supervisor', 'Mài & làm nguội', 'absent', '50161e91-c579-43b9-b40c-e09b40ce4cb6', NOW(), NOW()),
('745a9fb6-18da-4f05-9a1c-1447edd643be', 'W-075', 'Võ Văn Đột', 'male', '1987-07-08', '012345678752', '0986034870', 'senior_worker', 'Vận hành lò trung tần', 'absent', '5d09eea2-9b1a-47e4-b1f5-83980c24f8aa', NOW(), NOW()),
('4c21453e-047d-4880-843d-9c1084b6d133', 'W-076', 'Tô Mỹ Nhung', 'female', '1990-05-21', '012345699310', '0944505314', 'supervisor', 'Làm khuôn cát', 'working', '7cc55544-d1fa-43e7-8748-bd504864f309', NOW(), NOW()),
('20fb02da-adee-48fb-ba34-0a67b2a97f84', 'W-077', 'Đỗ Minh Quân', 'male', '1971-11-03', '012345690490', '0995189217', 'team_leader', 'Làm khuôn thạch cao', 'absent', '50161e91-c579-43b9-b40c-e09b40ce4cb6', NOW(), NOW()),
('08229336-340c-4c86-bb92-91ae74f8a266', 'W-078', 'Nguyễn Hữu An', 'male', '1999-10-06', '012345689560', '0952998152', 'apprentice', 'Phụ việc xưởng', 'working', '50161e91-c579-43b9-b40c-e09b40ce4cb6', NOW(), NOW()),
('98679620-1253-406a-a857-5001f8677168', 'W-079', 'Đỗ Thanh Khuôn', 'female', '1991-01-08', '012345693699', '0988417324', 'other', 'Đúc đồng mỹ nghệ', 'absent', '5d09eea2-9b1a-47e4-b1f5-83980c24f8aa', NOW(), NOW()),
('68347a1b-0775-4bdb-aede-957173e28fa1', 'W-080', 'Dương Xuân Tâm', 'male', '1982-06-15', '012345699940', '0965573535', 'technician', 'Hàn kết cấu', 'resigned', '5d09eea2-9b1a-47e4-b1f5-83980c24f8aa', NOW(), NOW());

INSERT INTO workers (id, code, full_name, gender, date_of_birth, id_number, phone, position, specialty, status, site_id, created_at, updated_at) VALUES
('252c3269-e3e4-4246-a268-c1d2afcc95d2', 'W-081', 'Tô Kim Mai', 'female', '1980-01-09', '012345685833', '0934852486', 'senior_worker', 'Phay CNC', 'absent', '7cc55544-d1fa-43e7-8748-bd504864f309', NOW(), NOW()),
('443328b6-fa61-478f-9666-6b454d715854', 'W-082', 'Bùi Thị Lan', 'female', '1998-12-24', '012345698409', '0911834500', 'supervisor', 'Tiện vạn năng', 'working', '5d09eea2-9b1a-47e4-b1f5-83980c24f8aa', NOW(), NOW()),
('0d64f624-bded-4b9d-b2d2-cd2c94e58872', 'W-083', 'Dương Kim Thảo', 'female', '1991-08-10', '012345686791', '0995017576', 'supervisor', 'Đúc đồng mỹ nghệ', 'working', '5d09eea2-9b1a-47e4-b1f5-83980c24f8aa', NOW(), NOW()),
('65725bc0-be04-4408-9135-05bd791cfed0', 'W-084', 'Đỗ Xuân Dũng', 'male', '1981-07-20', '012345695509', '0986745460', 'team_leader', 'Đúc đồng mỹ nghệ', 'resigned', 'e92020f5-82e1-44f4-91d7-90d84b7e67d3', NOW(), NOW()),
('1ede842b-1897-434a-947f-25fb90e05fc1', 'W-085', 'Bùi Văn Lực', 'male', '1981-03-03', '012345699660', '0931836243', 'team_leader', 'Hàn kết cấu', 'working', '5d09eea2-9b1a-47e4-b1f5-83980c24f8aa', NOW(), NOW()),
('9c24dbbf-b191-4524-b41a-d57cd867c964', 'W-086', 'Đặng Công Thép', 'male', '1986-02-22', '012345684250', '0989817367', 'technician', 'Mạ & đánh bóng', 'working', '0e3e0393-78c3-41e7-ace6-2c3569584f86', NOW(), NOW()),
('150403e6-a2d7-493a-ba40-a4672b5909de', 'W-087', 'Tô Phương Linh', 'female', '1992-09-28', '012345696880', '0915020885', 'senior_worker', 'Mạ & đánh bóng', 'working', '5d09eea2-9b1a-47e4-b1f5-83980c24f8aa', NOW(), NOW()),
('5491ee18-f573-4cc5-9e34-8e0736272c31', 'W-088', 'Hồ Thu Nhung', 'female', '1979-06-06', '012345693335', '0972215402', 'supervisor', 'Phụ việc xưởng', 'working', 'e92020f5-82e1-44f4-91d7-90d84b7e67d3', NOW(), NOW()),
('4e79aba0-e385-4ed4-b831-508b2465ce6f', 'W-089', 'Phan Bá Cường', 'male', '1979-10-09', '012345687625', '0924025562', 'team_leader', 'Tiện vạn năng', 'working', '50161e91-c579-43b9-b40c-e09b40ce4cb6', NOW(), NOW()),
('a5892982-95db-4194-b47d-763d2ab5335d', 'W-090', 'Đỗ Minh Đột', 'male', '1979-12-01', '012345696863', '0957098550', 'team_leader', 'Vận hành lò trung tần', 'absent', '0e3e0393-78c3-41e7-ace6-2c3569584f86', NOW(), NOW()),
('516f0755-ec8b-4e9c-8aa8-3d6a6d8d38fa', 'W-091', 'Nguyễn Phương Nhung', 'female', '1991-04-17', '012345686546', '0926288861', 'other', 'Vận hành lò trung tần', 'working', '0e3e0393-78c3-41e7-ace6-2c3569584f86', NOW(), NOW()),
('0ea1a610-af8b-41d6-a433-e49a625faf6a', 'W-092', 'Trần Đức Tâm', 'male', '1983-01-18', '012345699767', '0993771916', 'team_leader', 'Đúc đồng mỹ nghệ', 'resigned', '0e3e0393-78c3-41e7-ace6-2c3569584f86', NOW(), NOW()),
('474e5cee-cc4e-4b07-8e1d-a2904f64f29a', 'W-093', 'Võ Văn Lò', 'male', '1980-04-15', '012345685063', '0941263647', 'team_leader', 'Nấu rót kim loại', 'absent', '50161e91-c579-43b9-b40c-e09b40ce4cb6', NOW(), NOW()),
('2f4a49d3-f2c5-46ee-b678-d802d02c45a5', 'W-094', 'Đỗ Công An', 'male', '1979-11-13', '012345690570', '0929911905', 'team_leader', 'Kiểm tra siêu âm', 'absent', '0e3e0393-78c3-41e7-ace6-2c3569584f86', NOW(), NOW()),
('04c329b8-4ef3-4d73-8da0-6fcf0bc3348d', 'W-095', 'Võ Văn An', 'male', '1995-06-23', '012345697528', '0948037855', 'worker', 'Hàn kết cấu', 'working', '5d09eea2-9b1a-47e4-b1f5-83980c24f8aa', NOW(), NOW()),
('a2ed553f-01f6-4dc1-8fcc-f2a694837c2b', 'W-096', 'Trần Minh Phay', 'male', '1989-12-11', '012345684699', '0914363379', 'other', 'Kiểm tra siêu âm', 'working', '7cc55544-d1fa-43e7-8748-bd504864f309', NOW(), NOW()),
('f781075f-cbc8-486f-a402-1082ee00a803', 'W-097', 'Võ Hữu Khoa', 'male', '1987-02-24', '012345685308', '0927860937', 'other', 'Hàn kết cấu', 'working', '5d09eea2-9b1a-47e4-b1f5-83980c24f8aa', NOW(), NOW()),
('a41f52e4-fc62-4975-9e23-a43b3b51a8a5', 'W-098', 'Hồ Mỹ Thảo', 'female', '1999-05-03', '012345690351', '0928251062', 'other', 'Hàn kết cấu', 'working', '7cc55544-d1fa-43e7-8748-bd504864f309', NOW(), NOW()),
('d349b07b-90b6-4af1-b535-b2d780a38a98', 'W-099', 'Vũ Hồng Hằng', 'female', '2002-03-27', '012345692713', '0915361348', 'apprentice', 'Phụ việc xưởng', 'absent', 'e92020f5-82e1-44f4-91d7-90d84b7e67d3', NOW(), NOW()),
('e18067a7-d32a-4034-bb13-751d962ae33a', 'W-100', 'Đặng Minh Đúc', 'male', '1993-08-08', '012345697541', '0953361231', 'senior_worker', 'Phay CNC', 'on_leave', '50161e91-c579-43b9-b40c-e09b40ce4cb6', NOW(), NOW());

-- 5. WORKER CONTRACTS
INSERT INTO worker_contracts (id, worker_id, contract_type, start_date, end_date, base_salary, allowance_responsibility, allowance_attendance, rate_per_unit, unit_name, is_active, created_at, updated_at) VALUES
('78809042-40ed-40f9-b52c-3598ebfbdd48', 'd1d189f1-7eed-42fe-9be7-1bc83488cca7', 'official', '2020-06-18', NULL, 18000000, 4000000, 500000, NULL, NULL, 1, NOW(), NOW()),
('86e8a04a-bcc2-4825-a57c-f6af55db44d1', '2cced6b8-cdb8-4961-b7ad-a6e7b9989dab', 'official', '2023-09-12', NULL, 18000000, NULL, 500000, NULL, NULL, 1, NOW(), NOW()),
('e4d8904e-c203-4a51-a82b-506adb48e8c8', 'f35b0bf7-c775-438d-9a43-c6ebf9d2d977', 'official', '2004-06-05', NULL, 17000000, 4000000, 500000, NULL, NULL, 1, NOW(), NOW()),
('ff71bea2-1aba-4c0b-9801-4ede49ed037e', '1b3420c2-d5b8-4d4d-89fe-06ac69b9f05d', 'official', '2010-12-18', NULL, 18000000, 4000000, 500000, NULL, NULL, 1, NOW(), NOW()),
('6e452479-029f-4f3b-83d0-545b11e1f8cb', 'c75004e0-e5e1-4b53-933c-30d96d3b1979', 'official', '2011-06-17', NULL, 10000000, 2000000, 500000, NULL, NULL, 1, NOW(), NOW()),
('887c4718-6583-42ef-a383-4a5bac7d7fa0', 'a0f689f5-8109-45c9-9504-e3e0cdcf37c5', 'official', '2019-09-06', NULL, 16000000, 4000000, 500000, NULL, NULL, 1, NOW(), NOW()),
('ddbe8882-aec8-4739-ada7-746dd9632a9f', '5b473497-c8f7-4898-9f6c-289a6bd15d96', 'official', '2022-07-19', NULL, 16000000, NULL, 500000, NULL, NULL, 1, NOW(), NOW()),
('09f7995a-8313-4438-9de0-2194d327ebd4', '39489825-0eeb-4884-b1fd-3d16242cd968', 'official', '2017-01-11', NULL, 15000000, NULL, 500000, NULL, NULL, 1, NOW(), NOW()),
('10247858-7486-4d0f-948f-190cf36487c9', '414c51eb-a95a-4ec3-9ede-1664ea59462d', 'piece_rate', '2014-09-14', NULL, NULL, NULL, 500000, 173000, 'chiếc', 1, NOW(), NOW()),
('8e402b6d-6bd0-4061-b638-cdcf7b179bd1', '807d7da0-dbba-4ccc-8c59-17be0f4e7921', 'official', '2008-05-07', NULL, 13000000, 2000000, 500000, NULL, NULL, 1, NOW(), NOW()),
('cc736997-e1a6-49f3-a88a-002324abcc45', '002e1f05-224e-430a-a685-c6de2430cc8d', 'official', '2012-07-02', NULL, 9000000, NULL, 500000, NULL, NULL, 1, NOW(), NOW()),
('b9fcca52-4a3b-49bd-81ec-375f3efa2149', 'f7399184-7be9-42ee-a666-1dbb89f3465e', 'probation', '2025-09-13', '2026-06-28', 16000000, NULL, 500000, NULL, NULL, 1, NOW(), NOW()),
('6021e9bd-0daa-4a74-a864-521f1eeb675d', '6cd21a14-dd2d-4f0f-bdd0-b29645077d8f', 'official', '2004-02-08', NULL, 17000000, 3000000, 500000, NULL, NULL, 1, NOW(), NOW()),
('dec349f7-aff8-4761-92a8-fb15bf08de3b', 'a3f55d93-b049-48bf-b206-f4691e1764b9', 'official', '2013-07-11', NULL, 13000000, 3000000, 500000, NULL, NULL, 1, NOW(), NOW()),
('df8a1fc7-172c-4c23-a5cc-9d01edb3a050', 'a669b48c-fe39-4ebc-ad8d-cfc7a0f37695', 'official', '2016-08-05', NULL, 14000000, 2000000, 500000, NULL, NULL, 1, NOW(), NOW()),
('ceea565f-7b32-4405-8247-474ddf10e165', 'd97bc3a4-82d9-4417-9023-58c69fd96889', 'probation', '2025-07-11', '2026-08-07', 10000000, NULL, 500000, NULL, NULL, 1, NOW(), NOW()),
('377cc1ca-9256-4386-b623-6eeef152a8d6', '55b0edb2-30b0-4c00-b875-a4b0322521a1', 'official', '2021-12-27', NULL, 10000000, NULL, 500000, NULL, NULL, 1, NOW(), NOW()),
('51e37add-db7b-42f7-9a9d-2be58a52837d', '5693c889-66c0-4f9e-9be9-852f9a9cd5b3', 'piece_rate', '2015-07-15', NULL, NULL, NULL, 500000, 60000, 'chiếc', 1, NOW(), NOW()),
('4c0a5464-5abc-453a-bc47-c2d6f5744d9b', '8f08174f-c87f-4009-8753-0d639314cfd9', 'piece_rate', '2012-08-10', NULL, NULL, 4000000, 500000, 180000, 'chiếc', 1, NOW(), NOW()),
('815c5529-e008-47db-b4c8-506dc6ea4b64', '267fedb5-36bf-44ef-98fd-9ddc4767cd3b', 'official', '2018-03-04', NULL, 12000000, 3000000, 500000, NULL, NULL, 1, NOW(), NOW()),
('3b36b638-1109-44bc-b102-64c7e1f926c6', '592f0e44-7f81-49a5-9b76-448c4ab0215d', 'probation', '2024-12-17', '2026-08-05', 15000000, NULL, 500000, NULL, NULL, 1, NOW(), NOW()),
('499ef2f0-b2d1-4b7d-8bac-71e0f7400c9a', 'bcf8f9a3-a075-4293-b42f-371a2f73788a', 'official', '2014-12-09', NULL, 16000000, NULL, 500000, NULL, NULL, 1, NOW(), NOW()),
('401fbb25-56c8-4bf3-8b48-f3178e386529', 'c32a8b4a-33c4-4f75-87e7-f8bc73a3b569', 'piece_rate', '2016-01-28', NULL, NULL, 3000000, 500000, 103000, 'chiếc', 1, NOW(), NOW()),
('8e53fbdb-8fda-4971-b8f1-f39b52421540', 'cf778eb9-f1c9-4619-89a2-925b551b426f', 'probation', '2024-06-22', '2026-07-18', 14000000, NULL, 500000, NULL, NULL, 1, NOW(), NOW()),
('3e539bfc-9ad5-4c55-b944-cb62371c9e41', 'ba563713-478f-4965-ba6b-f18a13bd9a3f', 'piece_rate', '2021-12-23', NULL, NULL, NULL, 500000, 73000, 'chiếc', 1, NOW(), NOW()),
('f26a4603-c1f0-4325-bc9e-9a822d849c59', 'cf4671da-b389-4f22-a41e-cdc7321b8cd0', 'official', '2022-12-19', NULL, 19000000, NULL, 500000, NULL, NULL, 1, NOW(), NOW()),
('b6e84a21-9c14-4b40-b70f-81023ee52535', '3814a2bf-e6d1-4495-86bc-fc1716d2bcec', 'probation', '2025-10-22', '2026-07-27', 10000000, NULL, 500000, NULL, NULL, 1, NOW(), NOW()),
('575bfd53-e3f3-471a-9d44-68857e8a9153', '9c982b89-772e-48c5-b2d0-278632d5a1c5', 'official', '2016-06-22', NULL, 9000000, 4000000, 500000, NULL, NULL, 1, NOW(), NOW()),
('4e7cfbbb-4ebf-4987-8d9f-dd8977e48774', 'dd10ec4f-3175-48ae-845b-e77c010a17e6', 'probation', '2025-02-27', '2026-07-20', 20000000, NULL, 500000, NULL, NULL, 1, NOW(), NOW()),
('626b9142-478f-43d4-aa7c-a7399a6220da', 'd9a8b13c-80b9-4fba-860b-d5730fe73379', 'official', '2018-01-22', NULL, 18000000, 3000000, 500000, NULL, NULL, 1, NOW(), NOW()),
('10d3196c-3d6d-4630-90c0-7cd6bbb1001d', 'd9223920-8657-4ff3-9762-d2750f9bdd84', 'official', '2024-10-06', NULL, 9000000, NULL, 500000, NULL, NULL, 1, NOW(), NOW()),
('09a9c439-bf17-4dcb-b2af-ff22395e5f23', '226739db-94f5-4c96-af39-fbc1bf8c0f06', 'piece_rate', '2014-09-10', NULL, NULL, 4000000, 500000, 143000, 'chiếc', 1, NOW(), NOW()),
('907bbff5-b65d-4268-ac84-aa8ca1d064ea', '26149372-f15e-465a-9b84-b09793b82381', 'piece_rate', '2014-04-10', NULL, NULL, 2000000, 500000, 135000, 'chiếc', 1, NOW(), NOW()),
('1aa9e8c1-acfc-4e35-8326-4b4016b1e9e0', '6c4d26a3-736a-43f6-840e-a05c2c1b222c', 'official', '2021-06-02', NULL, 8000000, NULL, 500000, NULL, NULL, 1, NOW(), NOW()),
('f9f3f840-ef7c-4cf9-ba13-08b3f7ddc72f', '979ba8df-9a24-4631-b9a3-da6b4edd5808', 'official', '2011-05-03', NULL, 15000000, NULL, 500000, NULL, NULL, 1, NOW(), NOW()),
('502e73e8-288f-4bff-951d-0afd7d376762', 'cd347a86-62f4-43be-b2b5-2d946599a34f', 'official', '2007-05-09', NULL, 18000000, 2000000, 500000, NULL, NULL, 1, NOW(), NOW()),
('998a8fb8-7ad1-4b4f-b85a-117716227b3d', '767b2ba1-ed64-4035-9488-8f3f9e2db9fd', 'official', '2022-11-03', NULL, 10000000, NULL, 500000, NULL, NULL, 1, NOW(), NOW()),
('a567aa74-6c05-4899-bf43-8d6c48abe81a', '1e68a503-3682-41ef-b556-13a461225a85', 'piece_rate', '2013-04-07', NULL, NULL, 4000000, 500000, 75000, 'chiếc', 1, NOW(), NOW()),
('982f2907-7adb-4b80-898b-fc656e71ac34', 'f0375a5e-1dc4-4425-9b3a-6864e6e56b87', 'official', '2016-07-05', NULL, 13000000, NULL, 500000, NULL, NULL, 1, NOW(), NOW()),
('edd4c7f8-5f2d-4fca-adb9-a3d83a5fa239', 'b890b1d4-c456-40bf-af1a-5f61dc6cc45a', 'official', '2023-04-15', NULL, 9000000, NULL, 500000, NULL, NULL, 1, NOW(), NOW());

INSERT INTO worker_contracts (id, worker_id, contract_type, start_date, end_date, base_salary, allowance_responsibility, allowance_attendance, rate_per_unit, unit_name, is_active, created_at, updated_at) VALUES
('5609005d-a3e9-4086-9e22-8a7f41f08f5e', '5752c79c-3c22-4799-a16a-624ea670e92e', 'piece_rate', '2008-04-22', NULL, NULL, 3000000, 500000, 59000, 'chiếc', 1, NOW(), NOW()),
('d706f975-6e55-49a3-b507-59881f4f88da', '5c71ec64-2772-432b-ad27-935ac7c3a3d5', 'probation', '2025-02-20', '2026-07-20', 10000000, NULL, 500000, NULL, NULL, 1, NOW(), NOW()),
('05caf11e-5163-4652-95cd-463eb5ca7f35', 'dcfa9519-ad9f-4ca7-a315-99a193b4be80', 'official', '2008-03-08', NULL, 16000000, 3000000, 500000, NULL, NULL, 1, NOW(), NOW()),
('ad87bfa0-6aa1-4445-b6a0-8a14fc6c161f', '5df0b0ad-3207-474c-8699-e0ff5a5504dc', 'official', '2005-03-04', NULL, 16000000, 2000000, 500000, NULL, NULL, 1, NOW(), NOW()),
('1ed5f584-626e-45aa-91ce-c7623001ebcb', '24f2546c-8087-47ce-bf8f-e07735c07ac7', 'official', '2008-06-06', NULL, 12000000, NULL, 500000, NULL, NULL, 1, NOW(), NOW()),
('0b127a72-eb19-4e73-8537-43a2e1ddbb93', 'f1768433-5694-4ad6-9b9b-d4eb7f83f453', 'official', '2011-06-09', NULL, 13000000, NULL, 500000, NULL, NULL, 1, NOW(), NOW()),
('61292a9e-1c00-4f55-b4c0-455a812c6d4e', '4f8e8a43-264c-49b1-95a1-fe8f6247ea6d', 'piece_rate', '2019-02-23', NULL, NULL, NULL, 500000, 184000, 'chiếc', 1, NOW(), NOW()),
('ed1c9eb6-9f06-498d-b147-61f3032640bb', '821d9315-0b29-431e-add2-6fdc77a0ed31', 'official', '2020-12-16', NULL, 13000000, NULL, 500000, NULL, NULL, 1, NOW(), NOW()),
('20a604f3-9020-4dcc-9f38-4ca555fc78dc', '2efa1ad7-7aa3-44c6-8f69-e5507edbd0cb', 'official', '2023-01-26', NULL, 17000000, NULL, 500000, NULL, NULL, 1, NOW(), NOW()),
('eec2ab64-e87e-472e-8039-1b61cdc33dc6', 'd27acf60-af15-45d6-830d-a63148218cd8', 'official', '2019-04-19', NULL, 19000000, NULL, 500000, NULL, NULL, 1, NOW(), NOW()),
('030117e9-f607-4f93-a61d-cddd0f2fc4aa', '7dc144d5-3eef-452b-ba78-17a5f13b10cb', 'piece_rate', '2014-06-17', NULL, NULL, 2000000, 500000, 79000, 'chiếc', 1, NOW(), NOW()),
('e099b49f-f364-46ea-8c65-4f6edc336f79', 'f5f59dce-edef-4899-bb40-0fe3d36a5236', 'official', '2005-01-28', NULL, 13000000, 4000000, 500000, NULL, NULL, 1, NOW(), NOW()),
('e37aec58-8a30-4be9-b422-37f6e0a88e1e', '735196a6-338d-4603-921d-53e9058947ad', 'official', '2011-02-21', NULL, 16000000, NULL, 500000, NULL, NULL, 1, NOW(), NOW()),
('0ecc3148-12d7-406d-bf70-dbc47450483c', 'e2cced48-1e50-4961-8763-70218e506cfc', 'official', '2016-03-07', NULL, 17000000, NULL, 500000, NULL, NULL, 1, NOW(), NOW()),
('5fbbcd7d-83fb-43f6-b508-87f19b3135de', 'dd33fa72-8a7d-46d7-94b5-a8d8d2ab62cc', 'official', '2021-09-21', NULL, 18000000, NULL, 500000, NULL, NULL, 1, NOW(), NOW()),
('b682925b-2104-4f98-8fa6-d553e1e78920', '12afcfdd-dece-4f08-b565-5488fe8ea951', 'official', '2023-02-09', NULL, 18000000, 4000000, 500000, NULL, NULL, 1, NOW(), NOW()),
('ccde0f3e-2449-4a5c-a2bd-77fab0ac7bd0', 'fa06684c-1da4-43d4-bb18-1a54f1ec0bef', 'official', '2016-08-25', NULL, 19000000, NULL, 500000, NULL, NULL, 1, NOW(), NOW()),
('f06fb3f4-1b2c-4cc2-8fb2-e71710676448', '37657876-aa32-4f13-9bf9-1e93443be3c5', 'official', '2009-03-09', NULL, 14000000, NULL, 500000, NULL, NULL, 1, NOW(), NOW()),
('81542bfc-6e0e-4501-a1f8-b2b2f413a8db', '27550d2d-6f64-4f01-a6cd-7ebec9861675', 'official', '2012-03-18', NULL, 11000000, NULL, 500000, NULL, NULL, 1, NOW(), NOW()),
('a905990b-e0e8-4ae0-b6d0-068b0503f55d', '45c94f2e-b2cd-46e2-8c35-d4552239378c', 'official', '2010-02-04', NULL, 9000000, NULL, 500000, NULL, NULL, 1, NOW(), NOW()),
('cf72727c-fe0c-43e5-b0e1-6300041f5048', '756f707b-6cf0-4f09-80b1-a2ae5ee21063', 'official', '2019-10-26', NULL, 14000000, 2000000, 500000, NULL, NULL, 1, NOW(), NOW()),
('d6805fb3-0b40-4f4e-af57-05b34f66166c', '655443c2-cfa7-4512-b04d-857d0d38225a', 'official', '2021-02-04', NULL, 14000000, NULL, 500000, NULL, NULL, 1, NOW(), NOW()),
('61852c8a-90c9-4402-a693-370452cd531e', '802521d7-283e-4459-b767-8cae2d790a17', 'official', '2005-05-26', NULL, 9000000, 3000000, 500000, NULL, NULL, 1, NOW(), NOW()),
('b9712e54-da75-419e-b14a-4b6261bf4c53', 'a839c25a-9416-4906-a04f-23e701b9755d', 'piece_rate', '2011-04-05', NULL, NULL, NULL, 500000, 98000, 'chiếc', 1, NOW(), NOW()),
('f572876f-3cc4-40cf-b26e-16392b7d0ad2', 'ca731dda-776b-4644-8508-bcb36a3576c0', 'official', '2020-10-12', NULL, 10000000, NULL, 500000, NULL, NULL, 1, NOW(), NOW()),
('2256494d-5a1d-412a-87ec-642fd45d9f74', 'dcb958e8-5d68-4c6c-b462-7204286bc446', 'official', '2019-03-16', NULL, 16000000, NULL, 500000, NULL, NULL, 1, NOW(), NOW()),
('039aea8e-3a1f-4a72-8632-cc95df8517cc', 'd88af957-6f67-4c96-a432-694f4cc10ae2', 'official', '2001-05-18', NULL, 9000000, 2000000, 500000, NULL, NULL, 1, NOW(), NOW()),
('1664794b-60c9-48c2-9f8d-afee6385e2fe', 'faececc4-93c4-4feb-866a-5f8c68d2a41f', 'probation', '2025-12-08', '2026-08-04', 8000000, NULL, 500000, NULL, NULL, 1, NOW(), NOW()),
('ce110b85-28c0-4c00-aa49-2272d49f5667', '53bd6270-3618-4e25-b3b4-9447a359fb27', 'official', '2018-07-03', NULL, 18000000, NULL, 500000, NULL, NULL, 1, NOW(), NOW()),
('39c71563-d207-4299-8034-8df7ae12cfc8', '5de29698-629f-4ba2-9945-149bee4051cb', 'probation', '2025-05-07', '2026-07-31', 20000000, NULL, 500000, NULL, NULL, 1, NOW(), NOW()),
('02760a08-7217-4212-819b-6815e53b38ee', 'd0ae2e0e-bdbd-4040-b266-97c9e6814ff1', 'official', '2014-12-19', NULL, 15000000, NULL, 500000, NULL, NULL, 1, NOW(), NOW()),
('fdabffc3-c511-4a72-989e-e55f2e9976c7', '54576136-9d40-49ab-8aa3-b3160f4a2ac9', 'official', '2018-03-23', NULL, 13000000, NULL, 500000, NULL, NULL, 1, NOW(), NOW()),
('f68a8342-7123-4dde-94d9-e694774711e5', '670e5279-d875-48f5-b3d1-58087339b5b7', 'probation', '2025-06-21', '2026-08-02', 18000000, NULL, 500000, NULL, NULL, 1, NOW(), NOW()),
('188cd46d-ece0-40ac-95ab-214c68c61564', 'a3de0d07-6df3-4f70-b7ef-0261d190e1a2', 'official', '2009-01-25', NULL, 10000000, 2000000, 500000, NULL, NULL, 1, NOW(), NOW()),
('6c1bb0db-cd5a-4972-8e23-7c78f3967375', '745a9fb6-18da-4f05-9a1c-1447edd643be', 'official', '2012-07-14', NULL, 11000000, NULL, 500000, NULL, NULL, 1, NOW(), NOW()),
('4cce0969-b135-4d61-9eee-d1f79af0300d', '4c21453e-047d-4880-843d-9c1084b6d133', 'official', '2021-01-18', NULL, 16000000, 3000000, 500000, NULL, NULL, 1, NOW(), NOW()),
('04252325-ef82-4a3c-8a12-5333b3ec1341', '20fb02da-adee-48fb-ba34-0a67b2a97f84', 'piece_rate', '2002-10-27', NULL, NULL, 3000000, 500000, 131000, 'chiếc', 1, NOW(), NOW()),
('394b8a2f-a333-4205-a119-8057557d1a2e', '08229336-340c-4c86-bb92-91ae74f8a266', 'probation', '2024-08-02', '2026-07-30', 11000000, NULL, 500000, NULL, NULL, 1, NOW(), NOW()),
('28a6ceea-0f31-4147-83c2-ea54e15233ff', '98679620-1253-406a-a857-5001f8677168', 'official', '2015-11-26', NULL, 16000000, NULL, 500000, NULL, NULL, 1, NOW(), NOW()),
('450badbd-e80d-4cd5-9956-40f3bbf176ac', '68347a1b-0775-4bdb-aede-957173e28fa1', 'official', '2008-01-02', NULL, 12000000, NULL, 500000, NULL, NULL, 1, NOW(), NOW());

INSERT INTO worker_contracts (id, worker_id, contract_type, start_date, end_date, base_salary, allowance_responsibility, allowance_attendance, rate_per_unit, unit_name, is_active, created_at, updated_at) VALUES
('3f9d068c-3d06-472e-980c-f436a362fbcc', '252c3269-e3e4-4246-a268-c1d2afcc95d2', 'official', '2011-12-05', NULL, 8000000, NULL, 500000, NULL, NULL, 1, NOW(), NOW()),
('947ccb7b-db08-42ca-b3d8-98939bcae988', '443328b6-fa61-478f-9666-6b454d715854', 'official', '2021-12-26', NULL, 20000000, 2000000, 500000, NULL, NULL, 1, NOW(), NOW()),
('263c55d5-81ae-4045-9e69-86b7f699af77', '0d64f624-bded-4b9d-b2d2-cd2c94e58872', 'official', '2021-10-12', NULL, 10000000, 3000000, 500000, NULL, NULL, 1, NOW(), NOW()),
('5b389730-31bd-4a93-86cf-013bedd95951', '65725bc0-be04-4408-9135-05bd791cfed0', 'official', '2007-10-16', NULL, 8000000, 3000000, 500000, NULL, NULL, 1, NOW(), NOW()),
('c1189c13-9e19-4584-baa8-88b62bc6aad5', '1ede842b-1897-434a-947f-25fb90e05fc1', 'official', '2012-02-10', NULL, 19000000, 3000000, 500000, NULL, NULL, 1, NOW(), NOW()),
('ceaf51a6-33a7-4af1-9a42-b1df7014c63a', '9c24dbbf-b191-4524-b41a-d57cd867c964', 'piece_rate', '2017-07-19', NULL, NULL, NULL, 500000, 53000, 'chiếc', 1, NOW(), NOW()),
('7ac51e36-5686-4de0-8aa2-1cb3f0b00c63', '150403e6-a2d7-493a-ba40-a4672b5909de', 'piece_rate', '2020-07-15', NULL, NULL, NULL, 500000, 50000, 'chiếc', 1, NOW(), NOW()),
('8c959699-9446-4d06-9a6c-1fd4aca5e6da', '5491ee18-f573-4cc5-9e34-8e0736272c31', 'piece_rate', '2010-07-06', NULL, NULL, 2000000, 500000, 183000, 'chiếc', 1, NOW(), NOW()),
('31410836-b1c9-4252-b8b8-a9f6c82d64f8', '4e79aba0-e385-4ed4-b831-508b2465ce6f', 'piece_rate', '2004-06-24', NULL, NULL, 2000000, 500000, 184000, 'chiếc', 1, NOW(), NOW()),
('6c6ff5a8-d5ff-4d5b-b5db-2a0bbe42cfc6', 'a5892982-95db-4194-b47d-763d2ab5335d', 'official', '2005-10-19', NULL, 13000000, 3000000, 500000, NULL, NULL, 1, NOW(), NOW()),
('6f3ebff2-7901-4950-9878-515ee8aec2cd', '516f0755-ec8b-4e9c-8aa8-3d6a6d8d38fa', 'official', '2022-12-04', NULL, 20000000, NULL, 500000, NULL, NULL, 1, NOW(), NOW()),
('e598a324-3e2d-4ecb-8609-1974cea192d3', '0ea1a610-af8b-41d6-a433-e49a625faf6a', 'official', '2010-05-28', NULL, 8000000, 4000000, 500000, NULL, NULL, 1, NOW(), NOW()),
('62ddac1d-c581-44ce-8ab1-bd686be6a95e', '474e5cee-cc4e-4b07-8e1d-a2904f64f29a', 'official', '2005-11-22', NULL, 8000000, 4000000, 500000, NULL, NULL, 1, NOW(), NOW()),
('56f0151d-647e-470b-a9aa-d316a7dc9c9f', '2f4a49d3-f2c5-46ee-b678-d802d02c45a5', 'official', '2009-12-20', NULL, 13000000, 2000000, 500000, NULL, NULL, 1, NOW(), NOW()),
('5cea3360-3928-4363-b385-601798344949', '04c329b8-4ef3-4d73-8da0-6fcf0bc3348d', 'piece_rate', '2020-06-16', NULL, NULL, NULL, 500000, 77000, 'chiếc', 1, NOW(), NOW()),
('b2e64c5a-5bd2-442d-acae-9226885c060f', 'a2ed553f-01f6-4dc1-8fcc-f2a694837c2b', 'official', '2013-12-04', NULL, 8000000, NULL, 500000, NULL, NULL, 1, NOW(), NOW()),
('a7e3958f-1cf8-4b66-ae38-804573376939', 'f781075f-cbc8-486f-a402-1082ee00a803', 'official', '2015-07-09', NULL, 15000000, NULL, 500000, NULL, NULL, 1, NOW(), NOW()),
('50c0d32f-acb0-45b8-a826-445a1fcd8d9b', 'a41f52e4-fc62-4975-9e23-a43b3b51a8a5', 'official', '2023-01-23', NULL, 19000000, NULL, 500000, NULL, NULL, 1, NOW(), NOW()),
('aa77cd02-1317-40b1-a897-d59379ff7272', 'd349b07b-90b6-4af1-b535-b2d780a38a98', 'probation', '2025-06-02', '2026-07-07', 11000000, NULL, 500000, NULL, NULL, 1, NOW(), NOW()),
('99efb93e-69c2-4949-9d58-b339f008469a', 'e18067a7-d32a-4034-bb13-751d962ae33a', 'official', '2024-08-01', NULL, 8000000, NULL, 500000, NULL, NULL, 1, NOW(), NOW());

-- 6. PROJECTS (25)
INSERT INTO projects (id, code, name, customer_id, project_type, site_id, contract_value, start_date, deadline, progress_pct, status, description, created_at, updated_at) VALUES
('d8c31dc2-cbce-4186-9475-518990da1674', 'P-001', 'Đúc/Gia công 865 tượng đồng', 'dbe931e1-dfba-4e6d-903e-bc90337a491c', 'apartment', '50161e91-c579-43b9-b40c-e09b40ce4cb6', 639000000, '2026-03-01', '2026-06-16', 100, 'completed', 'Hợp đồng P-001 — Đúc/Gia công 865 tượng đồng.', NOW(), NOW()),
('1c5cb763-587a-4938-8f9a-694bddcd71cf', 'P-002', 'Đúc/Gia công 1103 lư hương', 'd3671c54-25ed-45db-8868-9eea38891f99', 'commercial', '5d09eea2-9b1a-47e4-b1f5-83980c24f8aa', 1985000000, '2026-03-29', '2026-05-25', 49, 'paused', 'Hợp đồng P-002 — Đúc/Gia công 1103 lư hương.', NOW(), NOW()),
('5de33829-523e-4983-a95a-3efe4efbfae9', 'P-003', 'Đúc/Gia công 134 vành đai', 'e346ea79-224d-402a-976c-03b639a495b0', 'commercial', '0e3e0393-78c3-41e7-ace6-2c3569584f86', 2352000000, '2026-03-30', '2026-05-18', 100, 'completed', 'Hợp đồng P-003 — Đúc/Gia công 134 vành đai.', NOW(), NOW()),
('856e9f27-ed64-42b8-932c-ae82b255e6b7', 'P-004', 'Đúc/Gia công 478 cánh bơm', 'd3671c54-25ed-45db-8868-9eea38891f99', 'art', 'e92020f5-82e1-44f4-91d7-90d84b7e67d3', 223000000, '2026-02-24', '2026-05-08', 33, 'in_progress', 'Hợp đồng P-004 — Đúc/Gia công 478 cánh bơm.', NOW(), NOW()),
('27f77bcd-c9cd-46e7-8814-79455096f52b', 'P-005', 'Đúc/Gia công 954 bệ máy', '23ebf49a-086d-48bc-a289-33c86ec1dd19', 'other', '7cc55544-d1fa-43e7-8748-bd504864f309', 1186000000, '2026-02-19', '2026-05-22', 58, 'in_progress', 'Hợp đồng P-005 — Đúc/Gia công 954 bệ máy.', NOW(), NOW()),
('4eddff8f-d2d6-4b6c-b1c6-d4bf24ea3efb', 'P-006', 'Đúc/Gia công 1160 gối đỡ', '58f8ed88-f9d3-47da-89d7-5c913f7252e9', 'commercial', '50161e91-c579-43b9-b40c-e09b40ce4cb6', 2189000000, '2026-06-10', '2026-07-20', 100, 'completed', 'Hợp đồng P-006 — Đúc/Gia công 1160 gối đỡ.', NOW(), NOW()),
('ea320d56-7068-41d0-a8f4-3f6ca62508d8', 'P-007', 'Đúc/Gia công 102 gối đỡ', 'ef2136cc-2cb6-4205-9a13-335a75ca93df', 'other', '7cc55544-d1fa-43e7-8748-bd504864f309', 1806000000, '2026-04-16', '2026-07-06', 57, 'near_deadline', 'Hợp đồng P-007 — Đúc/Gia công 102 gối đỡ.', NOW(), NOW()),
('779fee36-c8fe-43dd-9265-5012c29399fe', 'P-008', 'Đúc/Gia công 387 cánh bơm', 'ef2136cc-2cb6-4205-9a13-335a75ca93df', 'other', '7cc55544-d1fa-43e7-8748-bd504864f309', 493000000, '2026-04-27', '2026-08-03', 66, 'paused', 'Hợp đồng P-008 — Đúc/Gia công 387 cánh bơm.', NOW(), NOW()),
('85310186-e5bc-40e5-a0d5-37fe3f61e756', 'P-009', 'Đúc/Gia công 153 bệ máy', '23ebf49a-086d-48bc-a289-33c86ec1dd19', 'other', '7cc55544-d1fa-43e7-8748-bd504864f309', 2125000000, '2026-04-21', '2026-08-16', 52, 'in_progress', 'Hợp đồng P-009 — Đúc/Gia công 153 bệ máy.', NOW(), NOW()),
('de9b5c3b-964c-430d-8d90-71d3112c2157', 'P-010', 'Đúc/Gia công 407 trục khuỷu', 'd3671c54-25ed-45db-8868-9eea38891f99', 'art', '7cc55544-d1fa-43e7-8748-bd504864f309', 1346000000, '2026-04-03', '2026-07-07', 64, 'paused', 'Hợp đồng P-010 — Đúc/Gia công 407 trục khuỷu.', NOW(), NOW()),
('83b6d15f-6ac6-4261-b333-11bd7ba61aca', 'P-011', 'Đúc/Gia công 1251 lư hương', 'e346ea79-224d-402a-976c-03b639a495b0', 'industrial', '0e3e0393-78c3-41e7-ace6-2c3569584f86', 1824000000, '2026-03-26', '2026-08-08', 40, 'near_deadline', 'Hợp đồng P-011 — Đúc/Gia công 1251 lư hương.', NOW(), NOW()),
('3b7aca45-de94-4cfd-9c6c-09f4ad468a9e', 'P-012', 'Đúc/Gia công 363 trục khuỷu', '23ebf49a-086d-48bc-a289-33c86ec1dd19', 'other', '5d09eea2-9b1a-47e4-b1f5-83980c24f8aa', 858000000, '2026-04-27', '2026-05-27', 8, 'in_progress', 'Hợp đồng P-012 — Đúc/Gia công 363 trục khuỷu.', NOW(), NOW()),
('cd6b2605-7771-4202-9bd0-b852c0ff197b', 'P-013', 'Đúc/Gia công 712 trục khuỷu', 'cf02766c-26ec-4e4b-826e-5f4dd1488f39', 'commercial', '0e3e0393-78c3-41e7-ace6-2c3569584f86', 1803000000, '2026-03-22', '2026-07-21', 70, 'cancelled', 'Hợp đồng P-013 — Đúc/Gia công 712 trục khuỷu.', NOW(), NOW()),
('602bd7c0-a281-4ac9-b21e-4cd6803e0477', 'P-014', 'Đúc/Gia công 424 vành đai', 'cf02766c-26ec-4e4b-826e-5f4dd1488f39', 'industrial', '5d09eea2-9b1a-47e4-b1f5-83980c24f8aa', 2118000000, '2026-06-10', '2026-10-13', 100, 'completed', 'Hợp đồng P-014 — Đúc/Gia công 424 vành đai.', NOW(), NOW()),
('cba3935d-07c9-45d7-ba3b-3fb941a6672d', 'P-015', 'Đúc/Gia công 1229 bánh răng', 'cf02766c-26ec-4e4b-826e-5f4dd1488f39', 'other', '0e3e0393-78c3-41e7-ace6-2c3569584f86', 2164000000, '2026-04-23', '2026-08-18', 100, 'completed', 'Hợp đồng P-015 — Đúc/Gia công 1229 bánh răng.', NOW(), NOW()),
('64d7a57c-3726-4c98-9851-d012b152b8a1', 'P-016', 'Đúc/Gia công 967 gối đỡ', 'cf02766c-26ec-4e4b-826e-5f4dd1488f39', 'industrial', '50161e91-c579-43b9-b40c-e09b40ce4cb6', 229000000, '2026-05-19', '2026-08-27', 18, 'in_progress', 'Hợp đồng P-016 — Đúc/Gia công 967 gối đỡ.', NOW(), NOW()),
('9db34cb7-b9df-46d5-980e-12db800472dc', 'P-017', 'Đúc/Gia công 636 vỏ động cơ', '23ebf49a-086d-48bc-a289-33c86ec1dd19', 'commercial', '50161e91-c579-43b9-b40c-e09b40ce4cb6', 908000000, '2026-05-28', '2026-08-04', 89, 'in_progress', 'Hợp đồng P-017 — Đúc/Gia công 636 vỏ động cơ.', NOW(), NOW()),
('f6afefcf-8945-4411-ab1d-e828d5afabe1', 'P-018', 'Đúc/Gia công 917 khớp nối', '5897902c-f09e-4019-9050-40c156e6bd90', 'apartment', '5d09eea2-9b1a-47e4-b1f5-83980c24f8aa', 312000000, '2026-05-13', '2026-07-12', 62, 'cancelled', 'Hợp đồng P-018 — Đúc/Gia công 917 khớp nối.', NOW(), NOW()),
('075bdc63-f583-4deb-b606-612bb37f32dd', 'P-019', 'Đúc/Gia công 1307 lư hương', 'ef2136cc-2cb6-4205-9a13-335a75ca93df', 'other', '50161e91-c579-43b9-b40c-e09b40ce4cb6', 827000000, '2026-03-07', '2026-05-17', 32, 'in_progress', 'Hợp đồng P-019 — Đúc/Gia công 1307 lư hương.', NOW(), NOW()),
('e9764464-3b54-4a4a-8a07-5993a9571366', 'P-020', 'Đúc/Gia công 1470 bánh răng', '3aa81111-ec0b-4101-8c9b-51950bde1414', 'commercial', '5d09eea2-9b1a-47e4-b1f5-83980c24f8aa', 731000000, '2026-02-24', '2026-05-29', 100, 'completed', 'Hợp đồng P-020 — Đúc/Gia công 1470 bánh răng.', NOW(), NOW()),
('bf140bba-6949-41ba-b00a-eced8bcf7489', 'P-021', 'Đúc/Gia công 285 khớp nối', '7e8d8642-c4b7-4887-bcd5-2d1ac2da848e', 'other', 'e92020f5-82e1-44f4-91d7-90d84b7e67d3', 1047000000, '2026-03-04', '2026-06-11', 20, 'in_progress', 'Hợp đồng P-021 — Đúc/Gia công 285 khớp nối.', NOW(), NOW()),
('5977e0e9-f8ac-4b4f-97d9-a157cbb552f0', 'P-022', 'Đúc/Gia công 294 vành đai', 'cf02766c-26ec-4e4b-826e-5f4dd1488f39', 'commercial', '0e3e0393-78c3-41e7-ace6-2c3569584f86', 1107000000, '2026-05-25', '2026-07-10', 32, 'in_progress', 'Hợp đồng P-022 — Đúc/Gia công 294 vành đai.', NOW(), NOW()),
('40946368-7b4e-4524-aa0d-e022c47a18d8', 'P-023', 'Đúc/Gia công 745 khớp nối', 'e346ea79-224d-402a-976c-03b639a495b0', 'other', '50161e91-c579-43b9-b40c-e09b40ce4cb6', 1779000000, '2026-06-04', '2026-11-01', 43, 'paused', 'Hợp đồng P-023 — Đúc/Gia công 745 khớp nối.', NOW(), NOW()),
('3ada7e5c-e616-4794-a69f-978cc6833d41', 'P-024', 'Đúc/Gia công 1190 gối đỡ', '23ebf49a-086d-48bc-a289-33c86ec1dd19', 'apartment', '50161e91-c579-43b9-b40c-e09b40ce4cb6', 478000000, '2026-04-08', '2026-05-19', 67, 'near_deadline', 'Hợp đồng P-024 — Đúc/Gia công 1190 gối đỡ.', NOW(), NOW()),
('c6f48f46-e263-48ae-b634-6ec0272efeb7', 'P-025', 'Đúc/Gia công 154 lư hương', 'b713908c-ac26-490f-8dd5-fab36963bbfe', 'industrial', 'e92020f5-82e1-44f4-91d7-90d84b7e67d3', 1229000000, '2026-04-28', '2026-06-29', 39, 'near_deadline', 'Hợp đồng P-025 — Đúc/Gia công 154 lư hương.', NOW(), NOW());

-- 7a. QUOTES (25)
INSERT INTO quotes (id, code, project_id, customer_id, contact_id, title, quote_date, valid_until, status, tax_rate, validity_days, delivery_days, payment_terms, notes, created_at, updated_at) VALUES
('764b3971-9ac9-4be6-b6ac-1803eef7389a', 'BG-001', 'd8c31dc2-cbce-4186-9475-518990da1674', 'dbe931e1-dfba-4e6d-903e-bc90337a491c', '5490b044-0786-4215-a6f4-cac6068ea63c', 'Báo giá Đúc/Gia công 865 tượng đồng', '2026-02-19', '2026-03-01', 'draft', 8.00, 10, 60, '50-50', 'Báo giá BG-001', NOW(), NOW()),
('73020eb8-9302-4ebb-b399-060b2248ae48', 'BG-002', '1c5cb763-587a-4938-8f9a-694bddcd71cf', 'd3671c54-25ed-45db-8868-9eea38891f99', '1e388cd1-9cfa-4432-8a50-80b75383eef4', 'Báo giá Đúc/Gia công 1103 lư hương', '2026-03-19', '2026-03-29', 'approved', 8.00, 10, 45, '100', 'Báo giá BG-002', NOW(), NOW()),
('f84b2b9b-6c3f-4c57-87ea-12dd2a2c0e7d', 'BG-003', '5de33829-523e-4983-a95a-3efe4efbfae9', 'e346ea79-224d-402a-976c-03b639a495b0', '6ce25294-48c4-4ecc-9ad4-35820795ed0b', 'Báo giá Đúc/Gia công 134 vành đai', '2026-03-20', '2026-04-19', 'draft', 8.00, 30, 45, '50-50', 'Báo giá BG-003', NOW(), NOW()),
('0f53c125-2466-4508-89ef-b1d2b0681198', 'BG-004', '856e9f27-ed64-42b8-932c-ae82b255e6b7', 'd3671c54-25ed-45db-8868-9eea38891f99', '1e388cd1-9cfa-4432-8a50-80b75383eef4', 'Báo giá Đúc/Gia công 478 cánh bơm', '2026-02-14', '2026-03-01', 'rejected', 8.00, 15, 30, '30-40-30', 'Báo giá BG-004', NOW(), NOW()),
('4ee30c02-60c3-4784-8346-a44e04b9def1', 'BG-005', '27f77bcd-c9cd-46e7-8814-79455096f52b', '23ebf49a-086d-48bc-a289-33c86ec1dd19', '5cd157a4-c36d-4e92-8632-44b0f1a1e31a', 'Báo giá Đúc/Gia công 954 bệ máy', '2026-02-09', '2026-03-11', 'po_received', 8.00, 30, 30, '50-50', 'Báo giá BG-005', NOW(), NOW()),
('08da4e98-a942-4bef-9a7e-c4fdd7bc0bf6', 'BG-006', '4eddff8f-d2d6-4b6c-b1c6-d4bf24ea3efb', '58f8ed88-f9d3-47da-89d7-5c913f7252e9', '74b8ea2d-6ebe-4faa-a844-4dee83b9db49', 'Báo giá Đúc/Gia công 1160 gối đỡ', '2026-05-31', '2026-06-10', 'pending', 8.00, 10, 30, '50-50', 'Báo giá BG-006', NOW(), NOW()),
('7c37a5d7-9ecc-451f-85f3-fcf449d38535', 'BG-007', 'ea320d56-7068-41d0-a8f4-3f6ca62508d8', 'ef2136cc-2cb6-4205-9a13-335a75ca93df', 'c4332d00-7caa-45bf-87bc-a4b1a7dc3431', 'Báo giá Đúc/Gia công 102 gối đỡ', '2026-04-06', '2026-04-21', 'pending', 8.00, 15, 30, '100', 'Báo giá BG-007', NOW(), NOW()),
('4b8e2884-5eae-4547-ab2b-fa5589888316', 'BG-008', '779fee36-c8fe-43dd-9265-5012c29399fe', 'ef2136cc-2cb6-4205-9a13-335a75ca93df', 'c4332d00-7caa-45bf-87bc-a4b1a7dc3431', 'Báo giá Đúc/Gia công 387 cánh bơm', '2026-04-17', '2026-04-27', 'approved', 8.00, 10, 30, '30-40-30', 'Báo giá BG-008', NOW(), NOW()),
('850bb047-8907-4e8e-9180-6213d55bff17', 'BG-009', '85310186-e5bc-40e5-a0d5-37fe3f61e756', '23ebf49a-086d-48bc-a289-33c86ec1dd19', '5cd157a4-c36d-4e92-8632-44b0f1a1e31a', 'Báo giá Đúc/Gia công 153 bệ máy', '2026-04-11', '2026-05-11', 'approved', 8.00, 30, 45, '30-40-30', 'Báo giá BG-009', NOW(), NOW()),
('4731d418-d2b4-4022-b2cb-6703ece3a957', 'BG-010', 'de9b5c3b-964c-430d-8d90-71d3112c2157', 'd3671c54-25ed-45db-8868-9eea38891f99', '1e388cd1-9cfa-4432-8a50-80b75383eef4', 'Báo giá Đúc/Gia công 407 trục khuỷu', '2026-03-24', '2026-04-08', 'rejected', 8.00, 15, 30, '100', 'Báo giá BG-010', NOW(), NOW()),
('8617d8db-bd85-415c-898a-9747fe9d7ebf', 'BG-011', '83b6d15f-6ac6-4261-b333-11bd7ba61aca', 'e346ea79-224d-402a-976c-03b639a495b0', '6ce25294-48c4-4ecc-9ad4-35820795ed0b', 'Báo giá Đúc/Gia công 1251 lư hương', '2026-03-16', '2026-03-31', 'po_received', 8.00, 15, 45, '30-40-30', 'Báo giá BG-011', NOW(), NOW()),
('9ac2ea7f-496c-45c3-9017-13368f9e8e38', 'BG-012', '3b7aca45-de94-4cfd-9c6c-09f4ad468a9e', '23ebf49a-086d-48bc-a289-33c86ec1dd19', '5cd157a4-c36d-4e92-8632-44b0f1a1e31a', 'Báo giá Đúc/Gia công 363 trục khuỷu', '2026-04-17', '2026-05-02', 'approved', 8.00, 15, 60, '100', 'Báo giá BG-012', NOW(), NOW()),
('13299490-504a-45af-8060-93d53e07d294', 'BG-013', 'cd6b2605-7771-4202-9bd0-b852c0ff197b', 'cf02766c-26ec-4e4b-826e-5f4dd1488f39', 'ae504544-f91a-4b2e-8ff5-36680079ba27', 'Báo giá Đúc/Gia công 712 trục khuỷu', '2026-03-12', '2026-03-22', 'rejected', 8.00, 10, 45, '50-50', 'Báo giá BG-013', NOW(), NOW()),
('f33dd938-ea6b-48fe-b6ba-6464c29de106', 'BG-014', '602bd7c0-a281-4ac9-b21e-4cd6803e0477', 'cf02766c-26ec-4e4b-826e-5f4dd1488f39', 'ae504544-f91a-4b2e-8ff5-36680079ba27', 'Báo giá Đúc/Gia công 424 vành đai', '2026-05-31', '2026-06-30', 'po_received', 8.00, 30, 30, '30-40-30', 'Báo giá BG-014', NOW(), NOW()),
('2c4af4a4-eb29-4666-a760-169d9d3e65f1', 'BG-015', 'cba3935d-07c9-45d7-ba3b-3fb941a6672d', 'cf02766c-26ec-4e4b-826e-5f4dd1488f39', 'ae504544-f91a-4b2e-8ff5-36680079ba27', 'Báo giá Đúc/Gia công 1229 bánh răng', '2026-04-13', '2026-05-13', 'approved', 8.00, 30, 45, '100', 'Báo giá BG-015', NOW(), NOW()),
('9f95fcd2-d8cb-4017-bec0-2f961bd0970d', 'BG-016', '64d7a57c-3726-4c98-9851-d012b152b8a1', 'cf02766c-26ec-4e4b-826e-5f4dd1488f39', 'ae504544-f91a-4b2e-8ff5-36680079ba27', 'Báo giá Đúc/Gia công 967 gối đỡ', '2026-05-09', '2026-05-24', 'rejected', 8.00, 15, 45, '100', 'Báo giá BG-016', NOW(), NOW()),
('e7822be7-ffa0-4a98-9085-31a07afe1c80', 'BG-017', '9db34cb7-b9df-46d5-980e-12db800472dc', '23ebf49a-086d-48bc-a289-33c86ec1dd19', '5cd157a4-c36d-4e92-8632-44b0f1a1e31a', 'Báo giá Đúc/Gia công 636 vỏ động cơ', '2026-05-18', '2026-05-28', 'po_received', 8.00, 10, 60, '100', 'Báo giá BG-017', NOW(), NOW()),
('d42984b9-6546-4685-9d8b-e73c93c0d294', 'BG-018', 'f6afefcf-8945-4411-ab1d-e828d5afabe1', '5897902c-f09e-4019-9050-40c156e6bd90', '10667b13-9dcf-4636-8efd-755d003524bc', 'Báo giá Đúc/Gia công 917 khớp nối', '2026-05-03', '2026-06-02', 'pending', 8.00, 30, 60, '100', 'Báo giá BG-018', NOW(), NOW()),
('099ea2f7-ec50-468c-8363-2376547153e8', 'BG-019', '075bdc63-f583-4deb-b606-612bb37f32dd', 'ef2136cc-2cb6-4205-9a13-335a75ca93df', 'c4332d00-7caa-45bf-87bc-a4b1a7dc3431', 'Báo giá Đúc/Gia công 1307 lư hương', '2026-02-25', '2026-03-27', 'pending', 8.00, 30, 60, '30-40-30', 'Báo giá BG-019', NOW(), NOW()),
('28cf6b05-35d6-4e69-940d-2deec66b08bb', 'BG-020', 'e9764464-3b54-4a4a-8a07-5993a9571366', '3aa81111-ec0b-4101-8c9b-51950bde1414', 'a4ade1ac-dff6-42cc-b486-2d482b7d7529', 'Báo giá Đúc/Gia công 1470 bánh răng', '2026-02-14', '2026-02-24', 'approved', 8.00, 10, 60, '50-50', 'Báo giá BG-020', NOW(), NOW()),
('a6929dc7-9b3e-4c63-b81d-5897f1197bbc', 'BG-021', 'bf140bba-6949-41ba-b00a-eced8bcf7489', '7e8d8642-c4b7-4887-bcd5-2d1ac2da848e', '0e2911cb-a48b-4fe3-aa52-f6e02587abf8', 'Báo giá Đúc/Gia công 285 khớp nối', '2026-02-22', '2026-03-04', 'approved', 8.00, 10, 60, '30-40-30', 'Báo giá BG-021', NOW(), NOW()),
('092edcac-efbc-4475-a8ed-a31a716eb5ba', 'BG-022', '5977e0e9-f8ac-4b4f-97d9-a157cbb552f0', 'cf02766c-26ec-4e4b-826e-5f4dd1488f39', 'ae504544-f91a-4b2e-8ff5-36680079ba27', 'Báo giá Đúc/Gia công 294 vành đai', '2026-05-15', '2026-05-25', 'approved', 8.00, 10, 45, '30-40-30', 'Báo giá BG-022', NOW(), NOW()),
('94fa6f10-36ea-4833-b63c-214abca053b5', 'BG-023', '40946368-7b4e-4524-aa0d-e022c47a18d8', 'e346ea79-224d-402a-976c-03b639a495b0', '6ce25294-48c4-4ecc-9ad4-35820795ed0b', 'Báo giá Đúc/Gia công 745 khớp nối', '2026-05-25', '2026-06-24', 'approved', 8.00, 30, 45, '50-50', 'Báo giá BG-023', NOW(), NOW()),
('2e52b318-4394-493b-ab78-5cc3ba04d362', 'BG-024', '3ada7e5c-e616-4794-a69f-978cc6833d41', '23ebf49a-086d-48bc-a289-33c86ec1dd19', '5cd157a4-c36d-4e92-8632-44b0f1a1e31a', 'Báo giá Đúc/Gia công 1190 gối đỡ', '2026-03-29', '2026-04-08', 'approved', 8.00, 10, 30, '100', 'Báo giá BG-024', NOW(), NOW()),
('747b75f4-e77a-40e9-a45f-679b51b4655d', 'BG-025', 'c6f48f46-e263-48ae-b634-6ec0272efeb7', 'b713908c-ac26-490f-8dd5-fab36963bbfe', '94d22e9e-33c7-40b2-a27f-fe351fc5f1bc', 'Báo giá Đúc/Gia công 154 lư hương', '2026-04-18', '2026-04-28', 'po_received', 8.00, 10, 45, '30-40-30', 'Báo giá BG-025', NOW(), NOW());

-- 7b. QUOTE ITEMS
INSERT INTO quote_items (id, quote_id, section_name, sort_order, item_name, description, unit, quantity, unit_price, amount, created_at, updated_at) VALUES
('06a52d68-2997-4e1d-947e-fb4761e2e265', '764b3971-9ac9-4be6-b6ac-1803eef7389a', 'Kiểm định chất lượng', 1, 'Hàn & lắp ráp', 'Hàn & lắp ráp theo tiêu chuẩn kỹ thuật', 'chiếc', 111, 1800000, 199800000, NOW(), NOW()),
('dbb9a70b-cc57-4e9d-bbd5-48a768b8f6db', '764b3971-9ac9-4be6-b6ac-1803eef7389a', 'Kiểm định chất lượng', 2, 'Tiện trục chính', 'Tiện trục chính theo tiêu chuẩn kỹ thuật', 'pho', 257, 1700000, 436900000, NOW(), NOW()),
('0a446744-9e88-4446-a7b3-aebcab948461', '73020eb8-9302-4ebb-b399-060b2248ae48', 'Gia công cơ khí', 1, 'Làm khuôn thạch cao', 'Làm khuôn thạch cao theo tiêu chuẩn kỹ thuật', 'bộ', 968, 851000, 823768000, NOW(), NOW()),
('52c9716b-5391-402c-b175-7be22c3b3d91', '73020eb8-9302-4ebb-b399-060b2248ae48', 'Tạo mẫu & khuôn', 2, 'Làm khuôn thạch cao', 'Làm khuôn thạch cao theo tiêu chuẩn kỹ thuật', 'pho', 292, 1420000, 414640000, NOW(), NOW()),
('ce3d1f06-2301-4f5a-abe8-63ab7b99272e', '73020eb8-9302-4ebb-b399-060b2248ae48', 'Kiểm định chất lượng', 3, 'Tiện trục chính', 'Tiện trục chính theo tiêu chuẩn kỹ thuật', 'bộ', 11, 1137000, 12507000, NOW(), NOW()),
('9c568840-afea-49f3-b4fe-73ccc5690bf6', 'f84b2b9b-6c3f-4c57-87ea-12dd2a2c0e7d', 'Công đoạn đúc', 1, 'Phay CNC tinh', 'Phay CNC tinh theo tiêu chuẩn kỹ thuật', 'kg', 792, 2527000, 2001384000, NOW(), NOW()),
('89fd953c-eda4-43c6-a093-1e0c81111f28', 'f84b2b9b-6c3f-4c57-87ea-12dd2a2c0e7d', 'Công đoạn đúc', 2, 'Phay CNC tinh', 'Phay CNC tinh theo tiêu chuẩn kỹ thuật', 'chiếc', 556, 2247000, 1249332000, NOW(), NOW()),
('2d0c4f50-8e17-4e57-9221-e64c7dfb7d4e', 'f84b2b9b-6c3f-4c57-87ea-12dd2a2c0e7d', 'Gia công cơ khí', 3, 'Kiểm tra siêu âm', 'Kiểm tra siêu âm theo tiêu chuẩn kỹ thuật', 'pho', 653, 1212000, 791436000, NOW(), NOW()),
('93dc37b7-0787-41ee-a8bf-5ee9264214a4', '0f53c125-2466-4508-89ef-b1d2b0681198', 'Hoàn thiện bề mặt', 1, 'Kiểm tra siêu âm', 'Kiểm tra siêu âm theo tiêu chuẩn kỹ thuật', 'pho', 869, 1640000, 1425160000, NOW(), NOW()),
('3d496d61-db99-4603-9316-e4abdb107fdf', '0f53c125-2466-4508-89ef-b1d2b0681198', 'Kiểm định chất lượng', 2, 'Tiện trục chính', 'Tiện trục chính theo tiêu chuẩn kỹ thuật', 'chiếc', 729, 2349000, 1712421000, NOW(), NOW()),
('4f8c4178-f14f-4e38-94c0-3e77ef274403', '4ee30c02-60c3-4784-8346-a44e04b9def1', 'Kiểm định chất lượng', 1, 'Đúc phôi gang cầu', 'Đúc phôi gang cầu theo tiêu chuẩn kỹ thuật', 'bộ', 953, 1984000, 1890752000, NOW(), NOW()),
('22521d4a-8471-4285-a684-aaaf2ebb189a', '4ee30c02-60c3-4784-8346-a44e04b9def1', 'Kiểm định chất lượng', 2, 'Làm khuôn thạch cao', 'Làm khuôn thạch cao theo tiêu chuẩn kỹ thuật', 'kg', 497, 365000, 181405000, NOW(), NOW()),
('52dee255-363b-4c74-835a-d687d2d0bc00', '08da4e98-a942-4bef-9a7e-c4fdd7bc0bf6', 'Hoàn thiện bề mặt', 1, 'Đánh bóng & mạ', 'Đánh bóng & mạ theo tiêu chuẩn kỹ thuật', 'pho', 854, 2904000, 2480016000, NOW(), NOW()),
('dd33cf10-8d03-4f58-a0cc-3134d2bbc1fb', '08da4e98-a942-4bef-9a7e-c4fdd7bc0bf6', 'Tạo mẫu & khuôn', 2, 'Phay CNC tinh', 'Phay CNC tinh theo tiêu chuẩn kỹ thuật', 'pho', 447, 2184000, 976248000, NOW(), NOW()),
('ed8ef240-6188-4fc7-85f6-93299d88a691', '08da4e98-a942-4bef-9a7e-c4fdd7bc0bf6', 'Tạo mẫu & khuôn', 3, 'Đúc phôi gang cầu', 'Đúc phôi gang cầu theo tiêu chuẩn kỹ thuật', 'kg', 298, 337000, 100426000, NOW(), NOW()),
('85053e41-0937-4a4a-a9d3-1e90d2c16cfe', '7c37a5d7-9ecc-451f-85f3-fcf449d38535', 'Công đoạn đúc', 1, 'Phay CNC tinh', 'Phay CNC tinh theo tiêu chuẩn kỹ thuật', 'bộ', 574, 1103000, 633122000, NOW(), NOW()),
('46d5a451-85ef-47dd-abc1-9c837ac1db0e', '7c37a5d7-9ecc-451f-85f3-fcf449d38535', 'Gia công cơ khí', 2, 'Đánh bóng & mạ', 'Đánh bóng & mạ theo tiêu chuẩn kỹ thuật', 'kg', 849, 418000, 354882000, NOW(), NOW()),
('47e9975e-1c9f-41e3-bd37-24d4dda00e28', '7c37a5d7-9ecc-451f-85f3-fcf449d38535', 'Gia công cơ khí', 3, 'Phay CNC tinh', 'Phay CNC tinh theo tiêu chuẩn kỹ thuật', 'chiếc', 754, 1361000, 1026194000, NOW(), NOW()),
('9012dd9f-d691-47e5-90db-a81534cac00f', '4b8e2884-5eae-4547-ab2b-fa5589888316', 'Tạo mẫu & khuôn', 1, 'Phay CNC tinh', 'Phay CNC tinh theo tiêu chuẩn kỹ thuật', 'pho', 937, 773000, 724301000, NOW(), NOW()),
('ae23182a-6d6a-4ad7-ae4d-a0f7f1860ccc', '4b8e2884-5eae-4547-ab2b-fa5589888316', 'Gia công cơ khí', 2, 'Đúc phôi gang cầu', 'Đúc phôi gang cầu theo tiêu chuẩn kỹ thuật', 'bộ', 682, 250000, 170500000, NOW(), NOW()),
('ab2368f5-da7c-4147-9703-bef4e52a14b9', '4b8e2884-5eae-4547-ab2b-fa5589888316', 'Công đoạn đúc', 3, 'Làm khuôn thạch cao', 'Làm khuôn thạch cao theo tiêu chuẩn kỹ thuật', 'kg', 528, 1695000, 894960000, NOW(), NOW()),
('11b672e3-47ab-42f2-8b35-402bab8d37ca', '850bb047-8907-4e8e-9180-6213d55bff17', 'Gia công cơ khí', 1, 'Mài bavia & làm nguội', 'Mài bavia & làm nguội theo tiêu chuẩn kỹ thuật', 'chiếc', 345, 2965000, 1022925000, NOW(), NOW()),
('a35c956d-d104-4aa5-a191-b95365e9a636', '850bb047-8907-4e8e-9180-6213d55bff17', 'Gia công cơ khí', 2, 'Phay CNC tinh', 'Phay CNC tinh theo tiêu chuẩn kỹ thuật', 'pho', 814, 2182000, 1776148000, NOW(), NOW()),
('503cd12a-7559-4a4b-9178-2d4d43ecdb02', '4731d418-d2b4-4022-b2cb-6703ece3a957', 'Hoàn thiện bề mặt', 1, 'Đúc phôi gang cầu', 'Đúc phôi gang cầu theo tiêu chuẩn kỹ thuật', 'bộ', 177, 2886000, 510822000, NOW(), NOW()),
('2269298b-b3d6-459d-9a66-218eae26c1e9', '4731d418-d2b4-4022-b2cb-6703ece3a957', 'Công đoạn đúc', 2, 'Hàn & lắp ráp', 'Hàn & lắp ráp theo tiêu chuẩn kỹ thuật', 'chiếc', 989, 1569000, 1551741000, NOW(), NOW()),
('39d56776-89d5-4248-b1d8-437c93629fed', '4731d418-d2b4-4022-b2cb-6703ece3a957', 'Hoàn thiện bề mặt', 3, 'Phay CNC tinh', 'Phay CNC tinh theo tiêu chuẩn kỹ thuật', 'bộ', 324, 420000, 136080000, NOW(), NOW()),
('d351724d-1bdd-4038-b49b-023ccdd4db84', '8617d8db-bd85-415c-898a-9747fe9d7ebf', 'Công đoạn đúc', 1, 'Kiểm tra siêu âm', 'Kiểm tra siêu âm theo tiêu chuẩn kỹ thuật', 'bộ', 442, 1509000, 666978000, NOW(), NOW()),
('565e80ae-1a0f-41c9-9b02-2f342ca82205', '8617d8db-bd85-415c-898a-9747fe9d7ebf', 'Tạo mẫu & khuôn', 2, 'Làm khuôn thạch cao', 'Làm khuôn thạch cao theo tiêu chuẩn kỹ thuật', 'kg', 395, 2453000, 968935000, NOW(), NOW()),
('0fdabf2d-9807-4396-b522-f6e68cd77b68', '8617d8db-bd85-415c-898a-9747fe9d7ebf', 'Tạo mẫu & khuôn', 3, 'Đánh bóng & mạ', 'Đánh bóng & mạ theo tiêu chuẩn kỹ thuật', 'kg', 972, 2971000, 2887812000, NOW(), NOW()),
('6828660d-d161-4b7a-bd24-22c404fa3a46', '9ac2ea7f-496c-45c3-9017-13368f9e8e38', 'Hoàn thiện bề mặt', 1, 'Hàn & lắp ráp', 'Hàn & lắp ráp theo tiêu chuẩn kỹ thuật', 'kg', 105, 2690000, 282450000, NOW(), NOW()),
('99387bf9-6de0-466a-93cb-09fb77f3d814', '9ac2ea7f-496c-45c3-9017-13368f9e8e38', 'Gia công cơ khí', 2, 'Tiện trục chính', 'Tiện trục chính theo tiêu chuẩn kỹ thuật', 'pho', 680, 1850000, 1258000000, NOW(), NOW()),
('01ee6040-b773-42b4-a05a-d205c80d45dd', '13299490-504a-45af-8060-93d53e07d294', 'Tạo mẫu & khuôn', 1, 'Đúc phôi gang cầu', 'Đúc phôi gang cầu theo tiêu chuẩn kỹ thuật', 'kg', 961, 1181000, 1134941000, NOW(), NOW()),
('fa3c9abf-0703-4092-bae7-5d65a6485a7e', '13299490-504a-45af-8060-93d53e07d294', 'Gia công cơ khí', 2, 'Phay CNC tinh', 'Phay CNC tinh theo tiêu chuẩn kỹ thuật', 'chiếc', 835, 2935000, 2450725000, NOW(), NOW()),
('12f2ecb6-2fbd-4eda-bee9-1a0eb3b6363e', '13299490-504a-45af-8060-93d53e07d294', 'Tạo mẫu & khuôn', 3, 'Kiểm tra siêu âm', 'Kiểm tra siêu âm theo tiêu chuẩn kỹ thuật', 'bộ', 417, 2213000, 922821000, NOW(), NOW()),
('7dbb8ee3-b37f-40c8-bb46-e9ced8b03dd1', 'f33dd938-ea6b-48fe-b6ba-6464c29de106', 'Tạo mẫu & khuôn', 1, 'Tiện trục chính', 'Tiện trục chính theo tiêu chuẩn kỹ thuật', 'chiếc', 738, 1349000, 995562000, NOW(), NOW()),
('a9777e56-1989-4911-8d98-fa871b3b9994', 'f33dd938-ea6b-48fe-b6ba-6464c29de106', 'Tạo mẫu & khuôn', 2, 'Kiểm tra siêu âm', 'Kiểm tra siêu âm theo tiêu chuẩn kỹ thuật', 'kg', 331, 383000, 126773000, NOW(), NOW()),
('b43d9aaf-219b-4ffc-99d3-510da2389439', '2c4af4a4-eb29-4666-a760-169d9d3e65f1', 'Công đoạn đúc', 1, 'Tiện trục chính', 'Tiện trục chính theo tiêu chuẩn kỹ thuật', 'chiếc', 670, 1246000, 834820000, NOW(), NOW()),
('19e558bf-0c4f-463f-b0c3-b78ccd78bdcd', '2c4af4a4-eb29-4666-a760-169d9d3e65f1', 'Gia công cơ khí', 2, 'Hàn & lắp ráp', 'Hàn & lắp ráp theo tiêu chuẩn kỹ thuật', 'bộ', 287, 1837000, 527219000, NOW(), NOW()),
('1d15b2cf-77f0-439c-a153-5f95d51e03a2', '2c4af4a4-eb29-4666-a760-169d9d3e65f1', 'Công đoạn đúc', 3, 'Phay CNC tinh', 'Phay CNC tinh theo tiêu chuẩn kỹ thuật', 'kg', 470, 1826000, 858220000, NOW(), NOW()),
('a17704b9-4007-4e40-8cf5-11e08d0e3821', '9f95fcd2-d8cb-4017-bec0-2f961bd0970d', 'Kiểm định chất lượng', 1, 'Mài bavia & làm nguội', 'Mài bavia & làm nguội theo tiêu chuẩn kỹ thuật', 'pho', 638, 856000, 546128000, NOW(), NOW());

INSERT INTO quote_items (id, quote_id, section_name, sort_order, item_name, description, unit, quantity, unit_price, amount, created_at, updated_at) VALUES
('81f322db-119e-45f8-92d2-7d1e2e1f7ab1', '9f95fcd2-d8cb-4017-bec0-2f961bd0970d', 'Kiểm định chất lượng', 2, 'Tiện trục chính', 'Tiện trục chính theo tiêu chuẩn kỹ thuật', 'pho', 162, 2832000, 458784000, NOW(), NOW()),
('5ef5ebd2-cdc3-4915-9543-826835d709ac', 'e7822be7-ffa0-4a98-9085-31a07afe1c80', 'Gia công cơ khí', 1, 'Đánh bóng & mạ', 'Đánh bóng & mạ theo tiêu chuẩn kỹ thuật', 'bộ', 840, 1729000, 1452360000, NOW(), NOW()),
('6522d61d-9419-49f9-bbcd-57a6cdaf6e35', 'e7822be7-ffa0-4a98-9085-31a07afe1c80', 'Công đoạn đúc', 2, 'Kiểm tra siêu âm', 'Kiểm tra siêu âm theo tiêu chuẩn kỹ thuật', 'kg', 297, 588000, 174636000, NOW(), NOW()),
('2a59c8a4-7803-4885-8386-c324e0d6d370', 'e7822be7-ffa0-4a98-9085-31a07afe1c80', 'Tạo mẫu & khuôn', 3, 'Kiểm tra siêu âm', 'Kiểm tra siêu âm theo tiêu chuẩn kỹ thuật', 'pho', 305, 1468000, 447740000, NOW(), NOW()),
('249f7503-7769-4d18-aa1d-2705ed067fc1', 'd42984b9-6546-4685-9d8b-e73c93c0d294', 'Kiểm định chất lượng', 1, 'Tiện trục chính', 'Tiện trục chính theo tiêu chuẩn kỹ thuật', 'pho', 98, 2971000, 291158000, NOW(), NOW()),
('8f1ec91c-18ff-48c6-b92f-1dd9684bf6ed', 'd42984b9-6546-4685-9d8b-e73c93c0d294', 'Kiểm định chất lượng', 2, 'Kiểm tra siêu âm', 'Kiểm tra siêu âm theo tiêu chuẩn kỹ thuật', 'chiếc', 518, 2280000, 1181040000, NOW(), NOW()),
('1f543730-b3f9-4901-a2c4-831a0c218654', 'd42984b9-6546-4685-9d8b-e73c93c0d294', 'Công đoạn đúc', 3, 'Hàn & lắp ráp', 'Hàn & lắp ráp theo tiêu chuẩn kỹ thuật', 'chiếc', 450, 191000, 85950000, NOW(), NOW()),
('34e79eca-ec7a-47c8-ac64-4767700d27f7', '099ea2f7-ec50-468c-8363-2376547153e8', 'Kiểm định chất lượng', 1, 'Làm khuôn thạch cao', 'Làm khuôn thạch cao theo tiêu chuẩn kỹ thuật', 'kg', 308, 614000, 189112000, NOW(), NOW()),
('1cb8bd0a-4bbc-4b33-a347-0426faf35967', '099ea2f7-ec50-468c-8363-2376547153e8', 'Công đoạn đúc', 2, 'Đúc phôi gang cầu', 'Đúc phôi gang cầu theo tiêu chuẩn kỹ thuật', 'bộ', 14, 2249000, 31486000, NOW(), NOW()),
('53090d09-4d7b-4cd5-b03e-17cbd608dd40', '099ea2f7-ec50-468c-8363-2376547153e8', 'Hoàn thiện bề mặt', 3, 'Đúc phôi gang cầu', 'Đúc phôi gang cầu theo tiêu chuẩn kỹ thuật', 'bộ', 777, 1583000, 1229991000, NOW(), NOW()),
('e96c8cd5-fa45-4a94-8107-f7a550d27958', '28cf6b05-35d6-4e69-940d-2deec66b08bb', 'Kiểm định chất lượng', 1, 'Đánh bóng & mạ', 'Đánh bóng & mạ theo tiêu chuẩn kỹ thuật', 'kg', 626, 1883000, 1178758000, NOW(), NOW()),
('3f82429b-0c97-4d0e-baab-d220d5e95e5c', '28cf6b05-35d6-4e69-940d-2deec66b08bb', 'Tạo mẫu & khuôn', 2, 'Hàn & lắp ráp', 'Hàn & lắp ráp theo tiêu chuẩn kỹ thuật', 'bộ', 755, 859000, 648545000, NOW(), NOW()),
('d17da0de-35d8-4fdd-a178-a847047b61b0', '28cf6b05-35d6-4e69-940d-2deec66b08bb', 'Hoàn thiện bề mặt', 3, 'Hàn & lắp ráp', 'Hàn & lắp ráp theo tiêu chuẩn kỹ thuật', 'chiếc', 683, 2135000, 1458205000, NOW(), NOW()),
('4dcab8dd-fb0a-43b6-b643-ecd67e4b59b6', 'a6929dc7-9b3e-4c63-b81d-5897f1197bbc', 'Hoàn thiện bề mặt', 1, 'Phay CNC tinh', 'Phay CNC tinh theo tiêu chuẩn kỹ thuật', 'pho', 44, 1345000, 59180000, NOW(), NOW()),
('ee345930-2c86-423f-a372-79611059cb26', 'a6929dc7-9b3e-4c63-b81d-5897f1197bbc', 'Gia công cơ khí', 2, 'Kiểm tra siêu âm', 'Kiểm tra siêu âm theo tiêu chuẩn kỹ thuật', 'pho', 195, 54000, 10530000, NOW(), NOW()),
('55b7a224-aba7-4a62-ab7f-70f32495e35f', '092edcac-efbc-4475-a8ed-a31a716eb5ba', 'Công đoạn đúc', 1, 'Đánh bóng & mạ', 'Đánh bóng & mạ theo tiêu chuẩn kỹ thuật', 'bộ', 434, 1051000, 456134000, NOW(), NOW()),
('71c1acac-ef56-4582-bfd7-4ece1797101c', '092edcac-efbc-4475-a8ed-a31a716eb5ba', 'Gia công cơ khí', 2, 'Hàn & lắp ráp', 'Hàn & lắp ráp theo tiêu chuẩn kỹ thuật', 'chiếc', 368, 835000, 307280000, NOW(), NOW()),
('6a93fa16-3964-4925-87ec-ebcf9ccc0346', '092edcac-efbc-4475-a8ed-a31a716eb5ba', 'Kiểm định chất lượng', 3, 'Tiện trục chính', 'Tiện trục chính theo tiêu chuẩn kỹ thuật', 'chiếc', 983, 767000, 753961000, NOW(), NOW()),
('49aac408-6932-4fe9-bbb2-27fdb9e44734', '94fa6f10-36ea-4833-b63c-214abca053b5', 'Công đoạn đúc', 1, 'Đánh bóng & mạ', 'Đánh bóng & mạ theo tiêu chuẩn kỹ thuật', 'chiếc', 418, 265000, 110770000, NOW(), NOW()),
('da210e11-fbca-4624-b4ce-1b25072d8b73', '94fa6f10-36ea-4833-b63c-214abca053b5', 'Kiểm định chất lượng', 2, 'Kiểm tra siêu âm', 'Kiểm tra siêu âm theo tiêu chuẩn kỹ thuật', 'pho', 45, 391000, 17595000, NOW(), NOW()),
('6a40ea1b-d8c8-4c18-a2c4-8f31a557e626', '2e52b318-4394-493b-ab78-5cc3ba04d362', 'Kiểm định chất lượng', 1, 'Hàn & lắp ráp', 'Hàn & lắp ráp theo tiêu chuẩn kỹ thuật', 'kg', 584, 2891000, 1688344000, NOW(), NOW()),
('f14c82d9-81dc-4b29-be6c-cfe3f7c661fb', '2e52b318-4394-493b-ab78-5cc3ba04d362', 'Tạo mẫu & khuôn', 2, 'Đúc phôi gang cầu', 'Đúc phôi gang cầu theo tiêu chuẩn kỹ thuật', 'chiếc', 567, 2080000, 1179360000, NOW(), NOW()),
('7d58d68c-8c38-4ffa-b19e-cda8db88156b', '2e52b318-4394-493b-ab78-5cc3ba04d362', 'Kiểm định chất lượng', 3, 'Làm khuôn thạch cao', 'Làm khuôn thạch cao theo tiêu chuẩn kỹ thuật', 'chiếc', 198, 497000, 98406000, NOW(), NOW()),
('b4d40e75-5df3-403a-875d-3c3c0e96472c', '747b75f4-e77a-40e9-a45f-679b51b4655d', 'Tạo mẫu & khuôn', 1, 'Làm khuôn thạch cao', 'Làm khuôn thạch cao theo tiêu chuẩn kỹ thuật', 'chiếc', 286, 1613000, 461318000, NOW(), NOW()),
('12ee8160-b94e-4bc7-90bd-51e494ded3ad', '747b75f4-e77a-40e9-a45f-679b51b4655d', 'Kiểm định chất lượng', 2, 'Tiện trục chính', 'Tiện trục chính theo tiêu chuẩn kỹ thuật', 'chiếc', 222, 840000, 186480000, NOW(), NOW()),
('d157ffec-48dc-443b-ab64-39b91ad93634', '747b75f4-e77a-40e9-a45f-679b51b4655d', 'Công đoạn đúc', 3, 'Phay CNC tinh', 'Phay CNC tinh theo tiêu chuẩn kỹ thuật', 'pho', 823, 119000, 97937000, NOW(), NOW());

-- 7c. QUOTE PAYMENT STEPS
INSERT INTO quote_payment_steps (id, quote_id, step_order, percentage, description, created_at, updated_at) VALUES
('6423e741-04a2-4f8e-96b1-98b91b688f61', '764b3971-9ac9-4be6-b6ac-1803eef7389a', 1, 50, 'Tạm ứng khi ký hợp đồng', NOW(), NOW()),
('e5357f4d-0506-452a-8a77-bad74b5e8851', '764b3971-9ac9-4be6-b6ac-1803eef7389a', 2, 50, 'Thanh toán khi nghiệm thu & giao hàng', NOW(), NOW()),
('e75247cf-a887-4bec-b4b2-dd58261b4278', '73020eb8-9302-4ebb-b399-060b2248ae48', 1, 100, 'Tạm ứng khi ký hợp đồng', NOW(), NOW()),
('613e4139-f8d7-4f9d-ba97-59c1fa940d20', 'f84b2b9b-6c3f-4c57-87ea-12dd2a2c0e7d', 1, 50, 'Tạm ứng khi ký hợp đồng', NOW(), NOW()),
('e4c10730-141f-445e-ad47-6dedc07b81ac', 'f84b2b9b-6c3f-4c57-87ea-12dd2a2c0e7d', 2, 50, 'Thanh toán khi nghiệm thu & giao hàng', NOW(), NOW()),
('9da680e9-e2c1-42cd-b3b3-eb94accfbdb5', '0f53c125-2466-4508-89ef-b1d2b0681198', 1, 30, 'Tạm ứng khi ký hợp đồng', NOW(), NOW()),
('cb33284e-c236-498f-bddc-dfb62b796b72', '0f53c125-2466-4508-89ef-b1d2b0681198', 2, 40, 'Thanh toán giữa kỳ', NOW(), NOW()),
('8d131eaf-b00c-4131-9272-a8faa1f99af9', '0f53c125-2466-4508-89ef-b1d2b0681198', 3, 30, 'Thanh toán khi nghiệm thu & giao hàng', NOW(), NOW()),
('185a5b88-7241-4021-938c-ca5b99139267', '4ee30c02-60c3-4784-8346-a44e04b9def1', 1, 50, 'Tạm ứng khi ký hợp đồng', NOW(), NOW()),
('caa0c5df-ebf7-43d6-9d3b-ae74f8db43bc', '4ee30c02-60c3-4784-8346-a44e04b9def1', 2, 50, 'Thanh toán khi nghiệm thu & giao hàng', NOW(), NOW()),
('5233526e-3206-45a5-a776-b5a52b84bdef', '08da4e98-a942-4bef-9a7e-c4fdd7bc0bf6', 1, 50, 'Tạm ứng khi ký hợp đồng', NOW(), NOW()),
('1c074687-e8e3-4aad-9996-67e477368b8c', '08da4e98-a942-4bef-9a7e-c4fdd7bc0bf6', 2, 50, 'Thanh toán khi nghiệm thu & giao hàng', NOW(), NOW()),
('048e5d01-aedf-44e1-b217-16c81bb0f116', '7c37a5d7-9ecc-451f-85f3-fcf449d38535', 1, 100, 'Tạm ứng khi ký hợp đồng', NOW(), NOW()),
('607bbb14-e9b5-4bc1-984c-62d4f2423c92', '4b8e2884-5eae-4547-ab2b-fa5589888316', 1, 30, 'Tạm ứng khi ký hợp đồng', NOW(), NOW()),
('1c07c16d-89e3-4ef6-b305-05620705a0e9', '4b8e2884-5eae-4547-ab2b-fa5589888316', 2, 40, 'Thanh toán giữa kỳ', NOW(), NOW()),
('0c0bf702-c287-4f22-9a3e-beb07ddf48e1', '4b8e2884-5eae-4547-ab2b-fa5589888316', 3, 30, 'Thanh toán khi nghiệm thu & giao hàng', NOW(), NOW()),
('827a2c6e-6584-4867-99a0-750b399f22d1', '850bb047-8907-4e8e-9180-6213d55bff17', 1, 30, 'Tạm ứng khi ký hợp đồng', NOW(), NOW()),
('766c5d7c-a8c8-4f0c-88e2-d09b56375c07', '850bb047-8907-4e8e-9180-6213d55bff17', 2, 40, 'Thanh toán giữa kỳ', NOW(), NOW()),
('851f4a96-6391-41a3-ab71-8718a73bf65b', '850bb047-8907-4e8e-9180-6213d55bff17', 3, 30, 'Thanh toán khi nghiệm thu & giao hàng', NOW(), NOW()),
('86214c7a-84f0-4798-a203-afcd342078aa', '4731d418-d2b4-4022-b2cb-6703ece3a957', 1, 100, 'Tạm ứng khi ký hợp đồng', NOW(), NOW()),
('8f8e281b-c6ab-4214-88f2-5227e70b5310', '8617d8db-bd85-415c-898a-9747fe9d7ebf', 1, 30, 'Tạm ứng khi ký hợp đồng', NOW(), NOW()),
('20c975fa-0739-4238-b9ed-df0ac21209ae', '8617d8db-bd85-415c-898a-9747fe9d7ebf', 2, 40, 'Thanh toán giữa kỳ', NOW(), NOW()),
('9cf3687b-473e-4a7c-b070-b7948dc5e773', '8617d8db-bd85-415c-898a-9747fe9d7ebf', 3, 30, 'Thanh toán khi nghiệm thu & giao hàng', NOW(), NOW()),
('a7992455-bcd7-425e-9806-b9dd977b120a', '9ac2ea7f-496c-45c3-9017-13368f9e8e38', 1, 100, 'Tạm ứng khi ký hợp đồng', NOW(), NOW()),
('ebceb041-a02a-420e-b8cf-b945790c3df1', '13299490-504a-45af-8060-93d53e07d294', 1, 50, 'Tạm ứng khi ký hợp đồng', NOW(), NOW()),
('3904065f-1518-45e2-a713-02dfe5a0d783', '13299490-504a-45af-8060-93d53e07d294', 2, 50, 'Thanh toán khi nghiệm thu & giao hàng', NOW(), NOW()),
('e9468ab5-8bce-414e-8582-9148e59ef3ba', 'f33dd938-ea6b-48fe-b6ba-6464c29de106', 1, 30, 'Tạm ứng khi ký hợp đồng', NOW(), NOW()),
('d37479b0-0def-4bf3-a3b3-5809d190ac77', 'f33dd938-ea6b-48fe-b6ba-6464c29de106', 2, 40, 'Thanh toán giữa kỳ', NOW(), NOW()),
('8c29cd14-26ac-4d09-9d99-c772e02c3f3f', 'f33dd938-ea6b-48fe-b6ba-6464c29de106', 3, 30, 'Thanh toán khi nghiệm thu & giao hàng', NOW(), NOW()),
('75c40cba-4cb3-4732-8563-6d272dc4fde6', '2c4af4a4-eb29-4666-a760-169d9d3e65f1', 1, 100, 'Tạm ứng khi ký hợp đồng', NOW(), NOW()),
('b42b5544-fcd5-44c3-a5d1-2984fbdd4a14', '9f95fcd2-d8cb-4017-bec0-2f961bd0970d', 1, 100, 'Tạm ứng khi ký hợp đồng', NOW(), NOW()),
('b18864ab-3ae0-4582-93ca-4bc8f0da7aa3', 'e7822be7-ffa0-4a98-9085-31a07afe1c80', 1, 100, 'Tạm ứng khi ký hợp đồng', NOW(), NOW()),
('26a24c74-140d-4a83-98f3-a630e121e87c', 'd42984b9-6546-4685-9d8b-e73c93c0d294', 1, 100, 'Tạm ứng khi ký hợp đồng', NOW(), NOW()),
('9a99d923-97ed-44c7-b719-332bbb69d9a1', '099ea2f7-ec50-468c-8363-2376547153e8', 1, 30, 'Tạm ứng khi ký hợp đồng', NOW(), NOW()),
('056ffde5-b7cc-45c7-b1fb-7470480bbe0a', '099ea2f7-ec50-468c-8363-2376547153e8', 2, 40, 'Thanh toán giữa kỳ', NOW(), NOW()),
('59bb0618-5e9f-4f3d-aea4-a674eecc2941', '099ea2f7-ec50-468c-8363-2376547153e8', 3, 30, 'Thanh toán khi nghiệm thu & giao hàng', NOW(), NOW()),
('939efc67-74d3-4d51-8afb-c4094837f1cc', '28cf6b05-35d6-4e69-940d-2deec66b08bb', 1, 50, 'Tạm ứng khi ký hợp đồng', NOW(), NOW()),
('5356d258-2a99-403b-965c-6dad7bbd2bdd', '28cf6b05-35d6-4e69-940d-2deec66b08bb', 2, 50, 'Thanh toán khi nghiệm thu & giao hàng', NOW(), NOW()),
('7b418f6d-1e89-4102-b73a-47cabf7f414f', 'a6929dc7-9b3e-4c63-b81d-5897f1197bbc', 1, 30, 'Tạm ứng khi ký hợp đồng', NOW(), NOW()),
('a8f04bd2-6b84-42e2-a1b0-930dad220223', 'a6929dc7-9b3e-4c63-b81d-5897f1197bbc', 2, 40, 'Thanh toán giữa kỳ', NOW(), NOW());

INSERT INTO quote_payment_steps (id, quote_id, step_order, percentage, description, created_at, updated_at) VALUES
('4cb8630a-9b15-481b-8ffd-7bf503061b3a', 'a6929dc7-9b3e-4c63-b81d-5897f1197bbc', 3, 30, 'Thanh toán khi nghiệm thu & giao hàng', NOW(), NOW()),
('f6781ebe-7f02-4fbd-b14b-bdf61c3d9b93', '092edcac-efbc-4475-a8ed-a31a716eb5ba', 1, 30, 'Tạm ứng khi ký hợp đồng', NOW(), NOW()),
('e75a6a8d-457d-45c0-912e-7d6a59c87d92', '092edcac-efbc-4475-a8ed-a31a716eb5ba', 2, 40, 'Thanh toán giữa kỳ', NOW(), NOW()),
('48328aa2-8824-4cc5-9e22-592ea3abb41e', '092edcac-efbc-4475-a8ed-a31a716eb5ba', 3, 30, 'Thanh toán khi nghiệm thu & giao hàng', NOW(), NOW()),
('309fffde-56c1-4753-bd99-40c656732d76', '94fa6f10-36ea-4833-b63c-214abca053b5', 1, 50, 'Tạm ứng khi ký hợp đồng', NOW(), NOW()),
('d5b19ea2-e97a-4715-b197-78d10bd9f5e2', '94fa6f10-36ea-4833-b63c-214abca053b5', 2, 50, 'Thanh toán khi nghiệm thu & giao hàng', NOW(), NOW()),
('5fb3356a-3ef8-4748-926d-99d42825ffd6', '2e52b318-4394-493b-ab78-5cc3ba04d362', 1, 100, 'Tạm ứng khi ký hợp đồng', NOW(), NOW()),
('068ed89d-5fce-427d-989e-8715a4e39b79', '747b75f4-e77a-40e9-a45f-679b51b4655d', 1, 30, 'Tạm ứng khi ký hợp đồng', NOW(), NOW()),
('f8198dae-dda7-47dd-9e79-93200162e48b', '747b75f4-e77a-40e9-a45f-679b51b4655d', 2, 40, 'Thanh toán giữa kỳ', NOW(), NOW()),
('a491e1ef-1110-418a-8d6d-5bd39d671637', '747b75f4-e77a-40e9-a45f-679b51b4655d', 3, 30, 'Thanh toán khi nghiệm thu & giao hàng', NOW(), NOW());

-- 8. TASKS (60)
INSERT INTO tasks (id, quote_item_id, project_id, site_id, title, description, task_date, status, priority, sort_order, created_at, updated_at) VALUES
('9e52067c-9b8f-4e1c-9d7b-f19728ed61d1', 'b4d40e75-5df3-403a-875d-3c3c0e96472c', 'c6f48f46-e263-48ae-b634-6ec0272efeb7', 'e92020f5-82e1-44f4-91d7-90d84b7e67d3', 'Lô 5 — khớp nối', 'Thực hiện Lô 5 — khớp nối', '2026-05-30', 'completed', 'medium', 1, NOW(), NOW()),
('8775cb2c-015d-4dde-be0d-5f79e8d9ee4d', NULL, '5de33829-523e-4983-a95a-3efe4efbfae9', '0e3e0393-78c3-41e7-ace6-2c3569584f86', 'Lô 10 — thân van', 'Thực hiện Lô 10 — thân van', '2026-06-18', 'in_progress', 'high', 2, NOW(), NOW()),
('005b4819-a6b0-4332-b8b2-fb66dfda43e1', '4dcab8dd-fb0a-43b6-b643-ecd67e4b59b6', 'bf140bba-6949-41ba-b00a-eced8bcf7489', 'e92020f5-82e1-44f4-91d7-90d84b7e67d3', 'Lô 1 — tượng đồng', 'Thực hiện Lô 1 — tượng đồng', '2026-06-18', 'completed', 'low', 3, NOW(), NOW()),
('c4c152b3-f7e2-4c54-a76e-f92a7826c99a', '4f8c4178-f14f-4e38-94c0-3e77ef274403', '27f77bcd-c9cd-46e7-8814-79455096f52b', '7cc55544-d1fa-43e7-8748-bd504864f309', 'Lô 7 — bệ máy', 'Thực hiện Lô 7 — bệ máy', '2026-06-05', 'completed', 'medium', 4, NOW(), NOW()),
('ebbac1af-6e43-469c-85f8-5e586c18119e', 'b43d9aaf-219b-4ffc-99d3-510da2389439', 'cba3935d-07c9-45d7-ba3b-3fb941a6672d', '0e3e0393-78c3-41e7-ace6-2c3569584f86', 'Lô 19 — lư hương', 'Thực hiện Lô 19 — lư hương', '2026-06-20', 'paused', 'high', 5, NOW(), NOW()),
('928a9b13-99eb-4cbe-98c6-f66c6d2d60f8', '12f2ecb6-2fbd-4eda-bee9-1a0eb3b6363e', 'cd6b2605-7771-4202-9bd0-b852c0ff197b', '0e3e0393-78c3-41e7-ace6-2c3569584f86', 'Lô 6 — thân van', 'Thực hiện Lô 6 — thân van', '2026-06-24', 'paused', 'high', 6, NOW(), NOW()),
('ba348f7e-4587-49d5-b96a-9195d52b38c7', '8f1ec91c-18ff-48c6-b92f-1dd9684bf6ed', 'f6afefcf-8945-4411-ab1d-e828d5afabe1', '5d09eea2-9b1a-47e4-b1f5-83980c24f8aa', 'Lô 8 — bánh răng', 'Thực hiện Lô 8 — bánh răng', '2026-05-29', 'cancelled', 'medium', 7, NOW(), NOW()),
('f48c8420-1d52-487a-9acd-838ec072e508', '85053e41-0937-4a4a-a9d3-1e90d2c16cfe', 'ea320d56-7068-41d0-a8f4-3f6ca62508d8', '7cc55544-d1fa-43e7-8748-bd504864f309', 'Lô 10 — nắp chặn', 'Thực hiện Lô 10 — nắp chặn', '2026-06-24', 'paused', 'medium', 8, NOW(), NOW()),
('f0d32dba-9ac9-40b0-828b-d215ee145c95', 'ce3d1f06-2301-4f5a-abe8-63ab7b99272e', '1c5cb763-587a-4938-8f9a-694bddcd71cf', '5d09eea2-9b1a-47e4-b1f5-83980c24f8aa', 'Lô 7 — bệ máy', 'Thực hiện Lô 7 — bệ máy', '2026-06-26', 'paused', 'medium', 9, NOW(), NOW()),
('57770fb5-9908-4110-879a-25d872aaa7ef', '4dcab8dd-fb0a-43b6-b643-ecd67e4b59b6', 'bf140bba-6949-41ba-b00a-eced8bcf7489', 'e92020f5-82e1-44f4-91d7-90d84b7e67d3', 'Lô 20 — gối đỡ', 'Thực hiện Lô 20 — gối đỡ', '2026-06-25', 'unassigned', 'low', 10, NOW(), NOW()),
('5fa4b46d-0b4b-4839-831c-895f4c5a21d7', '52c9716b-5391-402c-b175-7be22c3b3d91', '1c5cb763-587a-4938-8f9a-694bddcd71cf', '5d09eea2-9b1a-47e4-b1f5-83980c24f8aa', 'Lô 18 — vành đai', 'Thực hiện Lô 18 — vành đai', '2026-05-29', 'cancelled', 'medium', 11, NOW(), NOW()),
('1ed533b4-7c65-4b48-9b0a-61307fec51dc', '9c568840-afea-49f3-b4fe-73ccc5690bf6', '5de33829-523e-4983-a95a-3efe4efbfae9', '0e3e0393-78c3-41e7-ace6-2c3569584f86', 'Lô 6 — bánh răng', 'Thực hiện Lô 6 — bánh răng', '2026-06-01', 'cancelled', 'medium', 12, NOW(), NOW()),
('73b726a7-6f72-4d2a-a564-304271edff54', '99387bf9-6de0-466a-93cb-09fb77f3d814', '3b7aca45-de94-4cfd-9c6c-09f4ad468a9e', '5d09eea2-9b1a-47e4-b1f5-83980c24f8aa', 'Lô 4 — bánh răng', 'Thực hiện Lô 4 — bánh răng', '2026-06-12', 'in_progress', 'medium', 13, NOW(), NOW()),
('ea1e46f3-d585-4463-b252-e3201aaf5875', 'f14c82d9-81dc-4b29-be6c-cfe3f7c661fb', '3ada7e5c-e616-4794-a69f-978cc6833d41', '50161e91-c579-43b9-b40c-e09b40ce4cb6', 'Lô 14 — vỏ động cơ', 'Thực hiện Lô 14 — vỏ động cơ', '2026-06-10', 'in_progress', 'low', 14, NOW(), NOW()),
('568b1dc3-8ae5-4cb8-bff1-f55865ed5e75', '0a446744-9e88-4446-a7b3-aebcab948461', '1c5cb763-587a-4938-8f9a-694bddcd71cf', '5d09eea2-9b1a-47e4-b1f5-83980c24f8aa', 'Lô 5 — bánh răng', 'Thực hiện Lô 5 — bánh răng', '2026-06-05', 'unassigned', 'high', 15, NOW(), NOW()),
('2e42d472-3480-4277-b47c-857680f4e828', 'ee345930-2c86-423f-a372-79611059cb26', 'bf140bba-6949-41ba-b00a-eced8bcf7489', 'e92020f5-82e1-44f4-91d7-90d84b7e67d3', 'Lô 2 — cánh bơm', 'Thực hiện Lô 2 — cánh bơm', '2026-06-25', 'in_progress', 'high', 16, NOW(), NOW()),
('eeb8d6cf-116b-4e85-9d8a-a296554eae3f', 'd17da0de-35d8-4fdd-a178-a847047b61b0', 'e9764464-3b54-4a4a-8a07-5993a9571366', '5d09eea2-9b1a-47e4-b1f5-83980c24f8aa', 'Lô 16 — thân van', 'Thực hiện Lô 16 — thân van', '2026-05-31', 'in_progress', 'medium', 17, NOW(), NOW()),
('b733d447-3708-4470-a7c6-7a89d5711eff', '1cb8bd0a-4bbc-4b33-a347-0426faf35967', '075bdc63-f583-4deb-b606-612bb37f32dd', '50161e91-c579-43b9-b40c-e09b40ce4cb6', 'Lô 5 — vành đai', 'Thực hiện Lô 5 — vành đai', '2026-06-08', 'cancelled', 'high', 18, NOW(), NOW()),
('737a46b7-6755-4ed1-b7c5-3dab9f65cebd', NULL, '83b6d15f-6ac6-4261-b333-11bd7ba61aca', '0e3e0393-78c3-41e7-ace6-2c3569584f86', 'Lô 20 — lư hương', 'Thực hiện Lô 20 — lư hương', '2026-05-31', 'unassigned', 'medium', 19, NOW(), NOW()),
('ca3dde3b-b8cb-4e4a-93a9-465eaedc4be6', '6828660d-d161-4b7a-bd24-22c404fa3a46', '3b7aca45-de94-4cfd-9c6c-09f4ad468a9e', '5d09eea2-9b1a-47e4-b1f5-83980c24f8aa', 'Lô 11 — gối đỡ', 'Thực hiện Lô 11 — gối đỡ', '2026-06-24', 'completed', 'medium', 20, NOW(), NOW()),
('bc1617ca-aa87-4a7a-af5c-52ab291262e7', '1d15b2cf-77f0-439c-a153-5f95d51e03a2', 'cba3935d-07c9-45d7-ba3b-3fb941a6672d', '0e3e0393-78c3-41e7-ace6-2c3569584f86', 'Lô 5 — khớp nối', 'Thực hiện Lô 5 — khớp nối', '2026-06-09', 'completed', 'low', 21, NOW(), NOW()),
('9f1ad9d5-8aa3-4f93-a781-702248d7d379', '99387bf9-6de0-466a-93cb-09fb77f3d814', '3b7aca45-de94-4cfd-9c6c-09f4ad468a9e', '5d09eea2-9b1a-47e4-b1f5-83980c24f8aa', 'Lô 10 — trục khuỷu', 'Thực hiện Lô 10 — trục khuỷu', '2026-06-06', 'completed', 'medium', 22, NOW(), NOW()),
('73ee0b61-7b34-4bc2-b8aa-1b3eab9e7ae3', NULL, '602bd7c0-a281-4ac9-b21e-4cd6803e0477', '5d09eea2-9b1a-47e4-b1f5-83980c24f8aa', 'Lô 8 — vành đai', 'Thực hiện Lô 8 — vành đai', '2026-06-27', 'paused', 'low', 23, NOW(), NOW()),
('d50660d0-9732-45a7-bd46-674fe04bc176', 'e96c8cd5-fa45-4a94-8107-f7a550d27958', 'e9764464-3b54-4a4a-8a07-5993a9571366', '5d09eea2-9b1a-47e4-b1f5-83980c24f8aa', 'Lô 20 — gối đỡ', 'Thực hiện Lô 20 — gối đỡ', '2026-06-21', 'paused', 'high', 24, NOW(), NOW()),
('bd425ee8-80d3-4d81-8c6e-c5d87f31e1e8', 'd17da0de-35d8-4fdd-a178-a847047b61b0', 'e9764464-3b54-4a4a-8a07-5993a9571366', '5d09eea2-9b1a-47e4-b1f5-83980c24f8aa', 'Lô 5 — cánh bơm', 'Thực hiện Lô 5 — cánh bơm', '2026-06-01', 'cancelled', 'low', 25, NOW(), NOW()),
('82fd733e-fbb1-42ea-b405-5c5b7188960c', '8f1ec91c-18ff-48c6-b92f-1dd9684bf6ed', 'f6afefcf-8945-4411-ab1d-e828d5afabe1', '5d09eea2-9b1a-47e4-b1f5-83980c24f8aa', 'Lô 10 — bệ máy', 'Thực hiện Lô 10 — bệ máy', '2026-06-01', 'paused', 'high', 26, NOW(), NOW()),
('4e909980-e4c8-46d9-b8a5-643faa7034c2', 'ee345930-2c86-423f-a372-79611059cb26', 'bf140bba-6949-41ba-b00a-eced8bcf7489', 'e92020f5-82e1-44f4-91d7-90d84b7e67d3', 'Lô 16 — nắp chặn', 'Thực hiện Lô 16 — nắp chặn', '2026-06-13', 'paused', 'medium', 27, NOW(), NOW()),
('2095357b-9b2f-4570-8fe8-5056f370abd1', 'e96c8cd5-fa45-4a94-8107-f7a550d27958', 'e9764464-3b54-4a4a-8a07-5993a9571366', '5d09eea2-9b1a-47e4-b1f5-83980c24f8aa', 'Lô 15 — trục khuỷu', 'Thực hiện Lô 15 — trục khuỷu', '2026-05-30', 'cancelled', 'medium', 28, NOW(), NOW()),
('0d132414-ab57-4733-af22-ce9a988e542d', '93dc37b7-0787-41ee-a8bf-5ee9264214a4', '856e9f27-ed64-42b8-932c-ae82b255e6b7', 'e92020f5-82e1-44f4-91d7-90d84b7e67d3', 'Lô 10 — bệ máy', 'Thực hiện Lô 10 — bệ máy', '2026-06-18', 'in_progress', 'high', 29, NOW(), NOW()),
('6c9def39-03ac-4d51-b9da-b601c4dabbfc', 'a17704b9-4007-4e40-8cf5-11e08d0e3821', '64d7a57c-3726-4c98-9851-d012b152b8a1', '50161e91-c579-43b9-b40c-e09b40ce4cb6', 'Lô 10 — vỏ động cơ', 'Thực hiện Lô 10 — vỏ động cơ', '2026-06-27', 'completed', 'high', 30, NOW(), NOW()),
('ab9fb5fb-531b-4219-bfea-a31143ffa4a4', 'a35c956d-d104-4aa5-a191-b95365e9a636', '85310186-e5bc-40e5-a0d5-37fe3f61e756', '7cc55544-d1fa-43e7-8748-bd504864f309', 'Lô 6 — khớp nối', 'Thực hiện Lô 6 — khớp nối', '2026-05-29', 'in_progress', 'medium', 31, NOW(), NOW()),
('781bedf1-7bf1-4b74-bae4-db642a2ca800', 'd157ffec-48dc-443b-ab64-39b91ad93634', 'c6f48f46-e263-48ae-b634-6ec0272efeb7', 'e92020f5-82e1-44f4-91d7-90d84b7e67d3', 'Lô 14 — trục khuỷu', 'Thực hiện Lô 14 — trục khuỷu', '2026-06-24', 'in_progress', 'low', 32, NOW(), NOW()),
('2a46f4b7-abcd-462d-8091-3bbe2779537d', '52dee255-363b-4c74-835a-d687d2d0bc00', '4eddff8f-d2d6-4b6c-b1c6-d4bf24ea3efb', '50161e91-c579-43b9-b40c-e09b40ce4cb6', 'Lô 19 — bánh răng', 'Thực hiện Lô 19 — bánh răng', '2026-06-02', 'cancelled', 'high', 33, NOW(), NOW()),
('317b4515-7da8-4b82-b72e-1d728120255a', NULL, '5977e0e9-f8ac-4b4f-97d9-a157cbb552f0', '0e3e0393-78c3-41e7-ace6-2c3569584f86', 'Lô 4 — bệ máy', 'Thực hiện Lô 4 — bệ máy', '2026-06-24', 'paused', 'medium', 34, NOW(), NOW()),
('b0ad058f-607f-4381-9021-54d9083dafa9', '06a52d68-2997-4e1d-947e-fb4761e2e265', 'd8c31dc2-cbce-4186-9475-518990da1674', '50161e91-c579-43b9-b40c-e09b40ce4cb6', 'Lô 5 — vành đai', 'Thực hiện Lô 5 — vành đai', '2026-06-02', 'unassigned', 'high', 35, NOW(), NOW()),
('93a6ea7d-e75f-42d5-b96e-dcefdb92de34', NULL, 'cd6b2605-7771-4202-9bd0-b852c0ff197b', '0e3e0393-78c3-41e7-ace6-2c3569584f86', 'Lô 6 — gối đỡ', 'Thực hiện Lô 6 — gối đỡ', '2026-06-18', 'paused', 'medium', 36, NOW(), NOW()),
('d3ff09b1-78e1-4ed9-8471-dc6ea58ccf21', '9012dd9f-d691-47e5-90db-a81534cac00f', '779fee36-c8fe-43dd-9265-5012c29399fe', '7cc55544-d1fa-43e7-8748-bd504864f309', 'Lô 4 — vỏ động cơ', 'Thực hiện Lô 4 — vỏ động cơ', '2026-06-16', 'paused', 'high', 37, NOW(), NOW()),
('1f720e9e-baa4-4eec-8a9e-3eb58c8b99bd', 'ce3d1f06-2301-4f5a-abe8-63ab7b99272e', '1c5cb763-587a-4938-8f9a-694bddcd71cf', '5d09eea2-9b1a-47e4-b1f5-83980c24f8aa', 'Lô 20 — tượng đồng', 'Thực hiện Lô 20 — tượng đồng', '2026-05-30', 'paused', 'high', 38, NOW(), NOW()),
('bca8c974-57b3-4ef4-a133-f93f174c9899', '2d0c4f50-8e17-4e57-9221-e64c7dfb7d4e', '5de33829-523e-4983-a95a-3efe4efbfae9', '0e3e0393-78c3-41e7-ace6-2c3569584f86', 'Lô 16 — bệ máy', 'Thực hiện Lô 16 — bệ máy', '2026-05-28', 'unassigned', 'medium', 39, NOW(), NOW()),
('506fb7af-eb57-4549-b1ee-48942901eeea', '9c568840-afea-49f3-b4fe-73ccc5690bf6', '5de33829-523e-4983-a95a-3efe4efbfae9', '0e3e0393-78c3-41e7-ace6-2c3569584f86', 'Lô 9 — bệ máy', 'Thực hiện Lô 9 — bệ máy', '2026-05-29', 'in_progress', 'low', 40, NOW(), NOW());

INSERT INTO tasks (id, quote_item_id, project_id, site_id, title, description, task_date, status, priority, sort_order, created_at, updated_at) VALUES
('b39ad5ee-3e05-4789-8624-e38d2863b977', '9012dd9f-d691-47e5-90db-a81534cac00f', '779fee36-c8fe-43dd-9265-5012c29399fe', '7cc55544-d1fa-43e7-8748-bd504864f309', 'Lô 3 — nắp chặn', 'Thực hiện Lô 3 — nắp chặn', '2026-05-28', 'in_progress', 'high', 41, NOW(), NOW()),
('52fd4cbc-c5dd-473e-a3c6-a18aa82e1e35', NULL, 'de9b5c3b-964c-430d-8d90-71d3112c2157', '7cc55544-d1fa-43e7-8748-bd504864f309', 'Lô 10 — gối đỡ', 'Thực hiện Lô 10 — gối đỡ', '2026-06-20', 'paused', 'high', 42, NOW(), NOW()),
('72f64521-c188-42e2-8c02-d211dff9f821', NULL, '9db34cb7-b9df-46d5-980e-12db800472dc', '50161e91-c579-43b9-b40c-e09b40ce4cb6', 'Lô 20 — bánh răng', 'Thực hiện Lô 20 — bánh răng', '2026-06-26', 'paused', 'low', 43, NOW(), NOW()),
('227f34db-caac-4a88-96a9-891ef44da8a2', 'ee345930-2c86-423f-a372-79611059cb26', 'bf140bba-6949-41ba-b00a-eced8bcf7489', 'e92020f5-82e1-44f4-91d7-90d84b7e67d3', 'Lô 13 — gối đỡ', 'Thực hiện Lô 13 — gối đỡ', '2026-06-06', 'cancelled', 'medium', 44, NOW(), NOW()),
('2d0b3fca-c2d1-4503-a379-7332025ecd2b', '9012dd9f-d691-47e5-90db-a81534cac00f', '779fee36-c8fe-43dd-9265-5012c29399fe', '7cc55544-d1fa-43e7-8748-bd504864f309', 'Lô 3 — bệ máy', 'Thực hiện Lô 3 — bệ máy', '2026-06-27', 'unassigned', 'medium', 45, NOW(), NOW()),
('b97168b2-292c-4406-8555-4f48fc146e6e', '11b672e3-47ab-42f2-8b35-402bab8d37ca', '85310186-e5bc-40e5-a0d5-37fe3f61e756', '7cc55544-d1fa-43e7-8748-bd504864f309', 'Lô 5 — tượng đồng', 'Thực hiện Lô 5 — tượng đồng', '2026-06-13', 'in_progress', 'medium', 46, NOW(), NOW()),
('ebcee038-6d41-4687-8f7b-d200350cdb7b', '81f322db-119e-45f8-92d2-7d1e2e1f7ab1', '64d7a57c-3726-4c98-9851-d012b152b8a1', '50161e91-c579-43b9-b40c-e09b40ce4cb6', 'Lô 4 — gối đỡ', 'Thực hiện Lô 4 — gối đỡ', '2026-06-08', 'paused', 'medium', 47, NOW(), NOW()),
('9492fd25-cbe5-42db-a657-d2d84cb234d6', '01ee6040-b773-42b4-a05a-d205c80d45dd', 'cd6b2605-7771-4202-9bd0-b852c0ff197b', '0e3e0393-78c3-41e7-ace6-2c3569584f86', 'Lô 10 — bệ máy', 'Thực hiện Lô 10 — bệ máy', '2026-06-25', 'completed', 'medium', 48, NOW(), NOW()),
('c90ca611-8d20-4d98-96b3-a4884d413f72', NULL, '40946368-7b4e-4524-aa0d-e022c47a18d8', '50161e91-c579-43b9-b40c-e09b40ce4cb6', 'Lô 16 — lư hương', 'Thực hiện Lô 16 — lư hương', '2026-06-16', 'unassigned', 'low', 49, NOW(), NOW()),
('6dfafa36-a6d7-4c8e-8410-75734843675e', '81f322db-119e-45f8-92d2-7d1e2e1f7ab1', '64d7a57c-3726-4c98-9851-d012b152b8a1', '50161e91-c579-43b9-b40c-e09b40ce4cb6', 'Lô 19 — tượng đồng', 'Thực hiện Lô 19 — tượng đồng', '2026-06-24', 'in_progress', 'medium', 50, NOW(), NOW()),
('61e46a49-34ba-49ac-8203-297dbb1cf411', NULL, '5977e0e9-f8ac-4b4f-97d9-a157cbb552f0', '0e3e0393-78c3-41e7-ace6-2c3569584f86', 'Lô 7 — tượng đồng', 'Thực hiện Lô 7 — tượng đồng', '2026-06-13', 'in_progress', 'low', 51, NOW(), NOW()),
('ce82343f-24f7-4287-99fa-eb72fd4bb94a', 'dd33cf10-8d03-4f58-a0cc-3134d2bbc1fb', '4eddff8f-d2d6-4b6c-b1c6-d4bf24ea3efb', '50161e91-c579-43b9-b40c-e09b40ce4cb6', 'Lô 1 — thân van', 'Thực hiện Lô 1 — thân van', '2026-06-17', 'unassigned', 'low', 52, NOW(), NOW()),
('c0ce0b05-e47f-4713-bb97-056f13aab097', 'd17da0de-35d8-4fdd-a178-a847047b61b0', 'e9764464-3b54-4a4a-8a07-5993a9571366', '5d09eea2-9b1a-47e4-b1f5-83980c24f8aa', 'Lô 9 — bệ máy', 'Thực hiện Lô 9 — bệ máy', '2026-06-15', 'in_progress', 'medium', 53, NOW(), NOW()),
('bec1ae73-a72f-4cec-a113-e77b12d0b399', NULL, '602bd7c0-a281-4ac9-b21e-4cd6803e0477', '5d09eea2-9b1a-47e4-b1f5-83980c24f8aa', 'Lô 1 — thân van', 'Thực hiện Lô 1 — thân van', '2026-06-06', 'in_progress', 'high', 54, NOW(), NOW()),
('86178966-a53a-4d72-8e83-bad0fc44be91', 'd17da0de-35d8-4fdd-a178-a847047b61b0', 'e9764464-3b54-4a4a-8a07-5993a9571366', '5d09eea2-9b1a-47e4-b1f5-83980c24f8aa', 'Lô 8 — vỏ động cơ', 'Thực hiện Lô 8 — vỏ động cơ', '2026-06-13', 'unassigned', 'medium', 55, NOW(), NOW()),
('c11230ec-9508-4c90-97f2-f782847855e3', NULL, '3ada7e5c-e616-4794-a69f-978cc6833d41', '50161e91-c579-43b9-b40c-e09b40ce4cb6', 'Lô 14 — bệ máy', 'Thực hiện Lô 14 — bệ máy', '2026-06-07', 'unassigned', 'low', 56, NOW(), NOW()),
('483f6dad-13ab-44c7-831d-41fed68ecc9c', 'a9777e56-1989-4911-8d98-fa871b3b9994', '602bd7c0-a281-4ac9-b21e-4cd6803e0477', '5d09eea2-9b1a-47e4-b1f5-83980c24f8aa', 'Lô 15 — thân van', 'Thực hiện Lô 15 — thân van', '2026-05-29', 'in_progress', 'high', 57, NOW(), NOW()),
('4cda45dc-6361-4847-9131-b1544d46e7b3', '2d0c4f50-8e17-4e57-9221-e64c7dfb7d4e', '5de33829-523e-4983-a95a-3efe4efbfae9', '0e3e0393-78c3-41e7-ace6-2c3569584f86', 'Lô 11 — lư hương', 'Thực hiện Lô 11 — lư hương', '2026-06-27', 'completed', 'low', 58, NOW(), NOW()),
('6d1db0d9-58ba-4556-8624-4b51c7e004c0', NULL, '3b7aca45-de94-4cfd-9c6c-09f4ad468a9e', '5d09eea2-9b1a-47e4-b1f5-83980c24f8aa', 'Lô 6 — cánh bơm', 'Thực hiện Lô 6 — cánh bơm', '2026-05-30', 'in_progress', 'medium', 59, NOW(), NOW()),
('0f7805a3-9744-41c7-a64e-551a55fa0d75', '9012dd9f-d691-47e5-90db-a81534cac00f', '779fee36-c8fe-43dd-9265-5012c29399fe', '7cc55544-d1fa-43e7-8748-bd504864f309', 'Lô 12 — khớp nối', 'Thực hiện Lô 12 — khớp nối', '2026-06-14', 'cancelled', 'high', 60, NOW(), NOW());

-- 9. TASK ASSIGNMENTS
INSERT INTO task_assignments (id, task_id, worker_id, assigned_at, started_at, ended_at, is_active, created_at, updated_at) VALUES
('e7ff9a7a-c9bb-442e-a8b1-bb4c5eff9e7c', '9e52067c-9b8f-4e1c-9d7b-f19728ed61d1', '5491ee18-f573-4cc5-9e34-8e0736272c31', '2026-05-30 07:30:00', '2026-05-30 07:30:00', '2026-05-30 16:30:00', 0, NOW(), NOW()),
('ebd31893-a18a-45f8-ac19-b5be68de7686', '8775cb2c-015d-4dde-be0d-5f79e8d9ee4d', 'dcb958e8-5d68-4c6c-b462-7204286bc446', '2026-06-18 07:30:00', '2026-06-18 07:30:00', NULL, 1, NOW(), NOW()),
('317b729f-e64f-4076-80d2-0480f39f613c', '8775cb2c-015d-4dde-be0d-5f79e8d9ee4d', '5491ee18-f573-4cc5-9e34-8e0736272c31', '2026-06-18 07:30:00', '2026-06-18 07:30:00', NULL, 1, NOW(), NOW()),
('c4dc2d6c-8571-4f49-bbfe-c01e039e28bb', '005b4819-a6b0-4332-b8b2-fb66dfda43e1', '27550d2d-6f64-4f01-a6cd-7ebec9861675', '2026-06-18 07:30:00', '2026-06-18 07:30:00', '2026-06-18 16:30:00', 0, NOW(), NOW()),
('0885da44-1c54-44b7-b71d-b0555fc86625', 'c4c152b3-f7e2-4c54-a76e-f92a7826c99a', '5c71ec64-2772-432b-ad27-935ac7c3a3d5', '2026-06-05 07:30:00', '2026-06-05 07:30:00', '2026-06-05 16:30:00', 0, NOW(), NOW()),
('8089fb55-5b88-470a-8816-444d82a9b4cf', 'ebbac1af-6e43-469c-85f8-5e586c18119e', '24f2546c-8087-47ce-bf8f-e07735c07ac7', '2026-06-20 07:30:00', '2026-06-20 07:30:00', NULL, 1, NOW(), NOW()),
('3af22ee8-be57-43a3-9822-18ad2329e023', 'ebbac1af-6e43-469c-85f8-5e586c18119e', 'f781075f-cbc8-486f-a402-1082ee00a803', '2026-06-20 07:30:00', '2026-06-20 07:30:00', NULL, 1, NOW(), NOW()),
('cc74f885-605b-46d0-88cd-39d04e4eb3c1', '928a9b13-99eb-4cbe-98c6-f66c6d2d60f8', 'd27acf60-af15-45d6-830d-a63148218cd8', '2026-06-24 07:30:00', '2026-06-24 07:30:00', NULL, 1, NOW(), NOW()),
('df776227-31d4-478e-a9ec-af9b71ef5804', 'ba348f7e-4587-49d5-b96a-9195d52b38c7', 'd97bc3a4-82d9-4417-9023-58c69fd96889', '2026-05-29 07:30:00', NULL, NULL, 0, NOW(), NOW()),
('7140abf6-7e2d-4c72-966c-294645501764', 'ba348f7e-4587-49d5-b96a-9195d52b38c7', 'a3f55d93-b049-48bf-b206-f4691e1764b9', '2026-05-29 07:30:00', NULL, NULL, 0, NOW(), NOW()),
('566bcf00-b1b0-4e45-bbc8-0fcec2f5cdef', 'f48c8420-1d52-487a-9acd-838ec072e508', 'faececc4-93c4-4feb-866a-5f8c68d2a41f', '2026-06-24 07:30:00', '2026-06-24 07:30:00', NULL, 1, NOW(), NOW()),
('160a510a-7b7d-4a54-9f82-30647ecf4ad3', 'f0d32dba-9ac9-40b0-828b-d215ee145c95', 'dcb958e8-5d68-4c6c-b462-7204286bc446', '2026-06-26 07:30:00', '2026-06-26 07:30:00', NULL, 1, NOW(), NOW()),
('61bd29c3-cfe0-49ec-b4e9-2ea56a4e1b57', 'f0d32dba-9ac9-40b0-828b-d215ee145c95', '3814a2bf-e6d1-4495-86bc-fc1716d2bcec', '2026-06-26 07:30:00', '2026-06-26 07:30:00', NULL, 1, NOW(), NOW()),
('0492f209-964e-4f13-83d8-9b407b96107b', '5fa4b46d-0b4b-4839-831c-895f4c5a21d7', '979ba8df-9a24-4631-b9a3-da6b4edd5808', '2026-05-29 07:30:00', NULL, NULL, 0, NOW(), NOW()),
('a4016641-e0be-4c05-8f7d-de13eb02c395', '5fa4b46d-0b4b-4839-831c-895f4c5a21d7', '002e1f05-224e-430a-a685-c6de2430cc8d', '2026-05-29 07:30:00', NULL, NULL, 0, NOW(), NOW()),
('f9ad16b2-aee1-4936-8985-eb5753ffb494', '1ed533b4-7c65-4b48-9b0a-61307fec51dc', '226739db-94f5-4c96-af39-fbc1bf8c0f06', '2026-06-01 07:30:00', NULL, NULL, 0, NOW(), NOW()),
('8116f6a0-06e3-4080-8202-62e07f7d9845', '73b726a7-6f72-4d2a-a564-304271edff54', 'a3f55d93-b049-48bf-b206-f4691e1764b9', '2026-06-12 07:30:00', '2026-06-12 07:30:00', NULL, 1, NOW(), NOW()),
('7a462ea2-0fd9-4a62-bea2-f9d8d69b4fbb', 'ea1e46f3-d585-4463-b252-e3201aaf5875', '9c24dbbf-b191-4524-b41a-d57cd867c964', '2026-06-10 07:30:00', '2026-06-10 07:30:00', NULL, 1, NOW(), NOW()),
('04e6b9f4-9b22-4528-b919-81193f0be9c0', '2e42d472-3480-4277-b47c-857680f4e828', '08229336-340c-4c86-bb92-91ae74f8a266', '2026-06-25 07:30:00', '2026-06-25 07:30:00', NULL, 1, NOW(), NOW()),
('50a8b1b4-c2fe-41b4-8542-941be823c85e', '2e42d472-3480-4277-b47c-857680f4e828', 'faececc4-93c4-4feb-866a-5f8c68d2a41f', '2026-06-25 07:30:00', '2026-06-25 07:30:00', NULL, 1, NOW(), NOW()),
('c3d90ce7-c101-470c-b5d7-807042b1df3f', 'eeb8d6cf-116b-4e85-9d8a-a296554eae3f', 'a2ed553f-01f6-4dc1-8fcc-f2a694837c2b', '2026-05-31 07:30:00', '2026-05-31 07:30:00', NULL, 1, NOW(), NOW()),
('3c451b36-713b-463b-9329-ee4e7762c99e', 'b733d447-3708-4470-a7c6-7a89d5711eff', 'f35b0bf7-c775-438d-9a43-c6ebf9d2d977', '2026-06-08 07:30:00', NULL, NULL, 0, NOW(), NOW()),
('e5cac661-94f3-45ae-9ab1-23000b860425', 'ca3dde3b-b8cb-4e4a-93a9-465eaedc4be6', '5df0b0ad-3207-474c-8699-e0ff5a5504dc', '2026-06-24 07:30:00', '2026-06-24 07:30:00', '2026-06-24 16:30:00', 0, NOW(), NOW()),
('f8dfe468-23ce-46bc-bf91-4e961143f42c', 'ca3dde3b-b8cb-4e4a-93a9-465eaedc4be6', 'c32a8b4a-33c4-4f75-87e7-f8bc73a3b569', '2026-06-24 07:30:00', '2026-06-24 07:30:00', '2026-06-24 16:30:00', 0, NOW(), NOW()),
('72b480a4-10c3-4ead-990d-7dc496215b48', 'bc1617ca-aa87-4a7a-af5c-52ab291262e7', '4f8e8a43-264c-49b1-95a1-fe8f6247ea6d', '2026-06-09 07:30:00', '2026-06-09 07:30:00', '2026-06-09 16:30:00', 0, NOW(), NOW()),
('bb2c7173-db69-476f-b1ea-ed0ed4c52473', '9f1ad9d5-8aa3-4f93-a781-702248d7d379', 'a839c25a-9416-4906-a04f-23e701b9755d', '2026-06-06 07:30:00', '2026-06-06 07:30:00', '2026-06-06 16:30:00', 0, NOW(), NOW()),
('bfd4b5e2-5524-4e6a-bcc2-2ac879327b51', '73ee0b61-7b34-4bc2-b8aa-1b3eab9e7ae3', '4e79aba0-e385-4ed4-b831-508b2465ce6f', '2026-06-27 07:30:00', '2026-06-27 07:30:00', NULL, 1, NOW(), NOW()),
('2757c1a2-b85d-4203-aadc-033459a51ca5', '73ee0b61-7b34-4bc2-b8aa-1b3eab9e7ae3', 'cd347a86-62f4-43be-b2b5-2d946599a34f', '2026-06-27 07:30:00', '2026-06-27 07:30:00', NULL, 1, NOW(), NOW()),
('fcddf410-57a1-4856-b22b-8f3663f0810f', 'd50660d0-9732-45a7-bd46-674fe04bc176', '002e1f05-224e-430a-a685-c6de2430cc8d', '2026-06-21 07:30:00', '2026-06-21 07:30:00', NULL, 1, NOW(), NOW()),
('d75a3942-a204-48fa-8666-b05fe40bf3ec', 'bd425ee8-80d3-4d81-8c6e-c5d87f31e1e8', 'dcb958e8-5d68-4c6c-b462-7204286bc446', '2026-06-01 07:30:00', NULL, NULL, 0, NOW(), NOW()),
('ca35b254-6719-4435-b8d7-627ce9e46c8b', '82fd733e-fbb1-42ea-b405-5c5b7188960c', 'c75004e0-e5e1-4b53-933c-30d96d3b1979', '2026-06-01 07:30:00', '2026-06-01 07:30:00', NULL, 1, NOW(), NOW()),
('98794ce1-a3ae-45de-941a-d684ef5d9676', '4e909980-e4c8-46d9-b8a5-643faa7034c2', 'f0375a5e-1dc4-4425-9b3a-6864e6e56b87', '2026-06-13 07:30:00', '2026-06-13 07:30:00', NULL, 1, NOW(), NOW()),
('3887c339-1e87-466f-8f78-86f1b8164117', '2095357b-9b2f-4570-8fe8-5056f370abd1', 'cf4671da-b389-4f22-a41e-cdc7321b8cd0', '2026-05-30 07:30:00', NULL, NULL, 0, NOW(), NOW()),
('9d1aa586-e8b6-41ed-a062-ed69ce609c8a', '2095357b-9b2f-4570-8fe8-5056f370abd1', 'ba563713-478f-4965-ba6b-f18a13bd9a3f', '2026-05-30 07:30:00', NULL, NULL, 0, NOW(), NOW()),
('dc83caec-4e56-4d0f-b9ee-79d5c7f3032b', '0d132414-ab57-4733-af22-ce9a988e542d', 'a839c25a-9416-4906-a04f-23e701b9755d', '2026-06-18 07:30:00', '2026-06-18 07:30:00', NULL, 1, NOW(), NOW()),
('76a32242-3c6f-4eb1-a562-2fa4299781fa', '6c9def39-03ac-4d51-b9da-b601c4dabbfc', '5de29698-629f-4ba2-9945-149bee4051cb', '2026-06-27 07:30:00', '2026-06-27 07:30:00', '2026-06-27 16:30:00', 0, NOW(), NOW()),
('2b809645-f260-4621-862f-1f21f8258b4e', 'ab9fb5fb-531b-4219-bfea-a31143ffa4a4', '45c94f2e-b2cd-46e2-8c35-d4552239378c', '2026-05-29 07:30:00', '2026-05-29 07:30:00', NULL, 1, NOW(), NOW()),
('44d2f790-b9a0-400a-9193-193678befba4', 'ab9fb5fb-531b-4219-bfea-a31143ffa4a4', '6cd21a14-dd2d-4f0f-bdd0-b29645077d8f', '2026-05-29 07:30:00', '2026-05-29 07:30:00', NULL, 1, NOW(), NOW()),
('7cb00732-00f6-4c67-8bfd-19baa133bec5', '781bedf1-7bf1-4b74-bae4-db642a2ca800', 'faececc4-93c4-4feb-866a-5f8c68d2a41f', '2026-06-24 07:30:00', '2026-06-24 07:30:00', NULL, 1, NOW(), NOW()),
('99f49a28-5d9a-4cbd-b2c0-10b341f8642e', '781bedf1-7bf1-4b74-bae4-db642a2ca800', '6cd21a14-dd2d-4f0f-bdd0-b29645077d8f', '2026-06-24 07:30:00', '2026-06-24 07:30:00', NULL, 1, NOW(), NOW());

INSERT INTO task_assignments (id, task_id, worker_id, assigned_at, started_at, ended_at, is_active, created_at, updated_at) VALUES
('bfa6a129-7b30-45d8-9498-e7828fd1d4bc', '2a46f4b7-abcd-462d-8091-3bbe2779537d', 'a0f689f5-8109-45c9-9504-e3e0cdcf37c5', '2026-06-02 07:30:00', NULL, NULL, 0, NOW(), NOW()),
('4b72f90b-cba6-4726-b014-2f996fd2ee49', '2a46f4b7-abcd-462d-8091-3bbe2779537d', '4e79aba0-e385-4ed4-b831-508b2465ce6f', '2026-06-02 07:30:00', NULL, NULL, 0, NOW(), NOW()),
('1081f5d5-c553-4b84-a9fd-fdb12d8d89c8', '317b4515-7da8-4b82-b72e-1d728120255a', 'f35b0bf7-c775-438d-9a43-c6ebf9d2d977', '2026-06-24 07:30:00', '2026-06-24 07:30:00', NULL, 1, NOW(), NOW()),
('970bb0b6-249c-4e61-8624-a3f8b37531c2', '93a6ea7d-e75f-42d5-b96e-dcefdb92de34', '3814a2bf-e6d1-4495-86bc-fc1716d2bcec', '2026-06-18 07:30:00', '2026-06-18 07:30:00', NULL, 1, NOW(), NOW()),
('e78d8bc2-c9bd-4d29-ab27-602064a9f018', 'd3ff09b1-78e1-4ed9-8471-dc6ea58ccf21', 'cd347a86-62f4-43be-b2b5-2d946599a34f', '2026-06-16 07:30:00', '2026-06-16 07:30:00', NULL, 1, NOW(), NOW()),
('38c863ff-3493-42ad-937e-43f99a2dc5c8', '1f720e9e-baa4-4eec-8a9e-3eb58c8b99bd', 'fa06684c-1da4-43d4-bb18-1a54f1ec0bef', '2026-05-30 07:30:00', '2026-05-30 07:30:00', NULL, 1, NOW(), NOW()),
('c3d68a32-5e40-42f6-afdd-48b2d1e45d46', '506fb7af-eb57-4549-b1ee-48942901eeea', 'cf4671da-b389-4f22-a41e-cdc7321b8cd0', '2026-05-29 07:30:00', '2026-05-29 07:30:00', NULL, 1, NOW(), NOW()),
('a04a8509-81ff-4580-a8c2-da41182ab869', '506fb7af-eb57-4549-b1ee-48942901eeea', '5752c79c-3c22-4799-a16a-624ea670e92e', '2026-05-29 07:30:00', '2026-05-29 07:30:00', NULL, 1, NOW(), NOW()),
('0c00a908-92cc-451f-ba91-5ba4264361df', 'b39ad5ee-3e05-4789-8624-e38d2863b977', '5491ee18-f573-4cc5-9e34-8e0736272c31', '2026-05-28 07:30:00', '2026-05-28 07:30:00', NULL, 1, NOW(), NOW()),
('01f47b1b-ff27-4546-aa1e-70bc7e1dd618', '52fd4cbc-c5dd-473e-a3c6-a18aa82e1e35', '27550d2d-6f64-4f01-a6cd-7ebec9861675', '2026-06-20 07:30:00', '2026-06-20 07:30:00', NULL, 1, NOW(), NOW()),
('0403b5ab-15de-47a0-a864-c43ec7824923', '72f64521-c188-42e2-8c02-d211dff9f821', 'd9a8b13c-80b9-4fba-860b-d5730fe73379', '2026-06-26 07:30:00', '2026-06-26 07:30:00', NULL, 1, NOW(), NOW()),
('b3706c01-847a-4015-b1ba-71c3738047a0', '72f64521-c188-42e2-8c02-d211dff9f821', 'faececc4-93c4-4feb-866a-5f8c68d2a41f', '2026-06-26 07:30:00', '2026-06-26 07:30:00', NULL, 1, NOW(), NOW()),
('a54c4f96-69e2-4a7d-bf7c-69968cfc41a4', '227f34db-caac-4a88-96a9-891ef44da8a2', '39489825-0eeb-4884-b1fd-3d16242cd968', '2026-06-06 07:30:00', NULL, NULL, 0, NOW(), NOW()),
('14e760d8-6860-47b9-9e94-f0443a0f11c1', 'b97168b2-292c-4406-8555-4f48fc146e6e', 'dcb958e8-5d68-4c6c-b462-7204286bc446', '2026-06-13 07:30:00', '2026-06-13 07:30:00', NULL, 1, NOW(), NOW()),
('1e7a42af-251f-483b-8670-36034da91276', 'ebcee038-6d41-4687-8f7b-d200350cdb7b', '4e79aba0-e385-4ed4-b831-508b2465ce6f', '2026-06-08 07:30:00', '2026-06-08 07:30:00', NULL, 1, NOW(), NOW()),
('b5ebe46f-e07a-4a13-981c-bbc235b12633', '9492fd25-cbe5-42db-a657-d2d84cb234d6', '5df0b0ad-3207-474c-8699-e0ff5a5504dc', '2026-06-25 07:30:00', '2026-06-25 07:30:00', '2026-06-25 16:30:00', 0, NOW(), NOW()),
('3916a861-d6a3-4a30-8463-72fe52aaeab1', '6dfafa36-a6d7-4c8e-8410-75734843675e', 'c32a8b4a-33c4-4f75-87e7-f8bc73a3b569', '2026-06-24 07:30:00', '2026-06-24 07:30:00', NULL, 1, NOW(), NOW()),
('75f50f37-ff95-41a4-ab3a-630487380872', '6dfafa36-a6d7-4c8e-8410-75734843675e', '27550d2d-6f64-4f01-a6cd-7ebec9861675', '2026-06-24 07:30:00', '2026-06-24 07:30:00', NULL, 1, NOW(), NOW()),
('e7b87710-d5c1-4935-8356-5938e2132592', '61e46a49-34ba-49ac-8203-297dbb1cf411', 'bcf8f9a3-a075-4293-b42f-371a2f73788a', '2026-06-13 07:30:00', '2026-06-13 07:30:00', NULL, 1, NOW(), NOW()),
('36a948cd-a3a6-4740-aa56-e8aae5994ab9', 'c0ce0b05-e47f-4713-bb97-056f13aab097', 'f781075f-cbc8-486f-a402-1082ee00a803', '2026-06-15 07:30:00', '2026-06-15 07:30:00', NULL, 1, NOW(), NOW()),
('45f815e6-19da-43a0-b764-93ec29643314', 'c0ce0b05-e47f-4713-bb97-056f13aab097', 'f35b0bf7-c775-438d-9a43-c6ebf9d2d977', '2026-06-15 07:30:00', '2026-06-15 07:30:00', NULL, 1, NOW(), NOW()),
('dc4f5a60-4240-44bc-9b9e-e948744cc7a0', 'bec1ae73-a72f-4cec-a113-e77b12d0b399', 'bcf8f9a3-a075-4293-b42f-371a2f73788a', '2026-06-06 07:30:00', '2026-06-06 07:30:00', NULL, 1, NOW(), NOW()),
('c23e2df3-5afd-4e5c-9a91-ae7977e9b9d2', '483f6dad-13ab-44c7-831d-41fed68ecc9c', 'bcf8f9a3-a075-4293-b42f-371a2f73788a', '2026-05-29 07:30:00', '2026-05-29 07:30:00', NULL, 1, NOW(), NOW()),
('8ab56a10-fb06-4225-b5dd-7beb659a7008', '4cda45dc-6361-4847-9131-b1544d46e7b3', '6cd21a14-dd2d-4f0f-bdd0-b29645077d8f', '2026-06-27 07:30:00', '2026-06-27 07:30:00', '2026-06-27 16:30:00', 0, NOW(), NOW()),
('a51aa416-5f27-41c2-8b48-63682a2553d9', '4cda45dc-6361-4847-9131-b1544d46e7b3', '150403e6-a2d7-493a-ba40-a4672b5909de', '2026-06-27 07:30:00', '2026-06-27 07:30:00', '2026-06-27 16:30:00', 0, NOW(), NOW()),
('46424391-fea3-47a6-abd1-fc9f06698765', '6d1db0d9-58ba-4556-8624-4b51c7e004c0', '04c329b8-4ef3-4d73-8da0-6fcf0bc3348d', '2026-05-30 07:30:00', '2026-05-30 07:30:00', NULL, 1, NOW(), NOW()),
('cb1171fa-e5f7-4242-a7de-f5852d5bcd63', '6d1db0d9-58ba-4556-8624-4b51c7e004c0', '39489825-0eeb-4884-b1fd-3d16242cd968', '2026-05-30 07:30:00', '2026-05-30 07:30:00', NULL, 1, NOW(), NOW()),
('f63848d6-ab62-4a8c-97db-7af47a44c758', '0f7805a3-9744-41c7-a64e-551a55fa0d75', '1ede842b-1897-434a-947f-25fb90e05fc1', '2026-06-14 07:30:00', NULL, NULL, 0, NOW(), NOW());

-- 10. TIMESHEET ENTRIES (~120)
INSERT INTO timesheet_entries (id, worker_id, work_date, site_id, regular_hours, overtime_hours, day_type, contract_type, rate_normal, rate_overtime, pay_amount, status, notes, created_at, updated_at) VALUES
('51784ade-91da-42f0-9a73-8d20fca17998', 'd1d189f1-7eed-42fe-9be7-1bc83488cca7', '2026-06-16', '50161e91-c579-43b9-b40c-e09b40ce4cb6', 0.00, 0.00, 'leave_paid', 'official', 77000, 115500, 0, 'approved', NULL, NOW(), NOW()),
('51aefdca-f46c-4484-a2df-ebe795dba731', '2cced6b8-cdb8-4961-b7ad-a6e7b9989dab', '2026-06-16', '7cc55544-d1fa-43e7-8748-bd504864f309', 8.00, 0.00, 'workday', 'piece_rate', 83000, 124500, 83000, 'approved', NULL, NOW(), NOW()),
('60ce3a1b-d84c-4338-a1d2-fa9c9894eb02', 'f35b0bf7-c775-438d-9a43-c6ebf9d2d977', '2026-06-16', 'e92020f5-82e1-44f4-91d7-90d84b7e67d3', 8.00, 1.50, 'workday', 'official', 83000, 124500, 106344, 'approved', NULL, NOW(), NOW()),
('0695af77-9f6a-4d35-9477-a1e6d8f7b6f1', '1b3420c2-d5b8-4d4d-89fe-06ac69b9f05d', '2026-06-16', '0e3e0393-78c3-41e7-ace6-2c3569584f86', 0.00, 0.00, 'leave_paid', 'piece_rate', 88000, 132000, 0, 'pending_approval', NULL, NOW(), NOW()),
('7a2d1dd8-8f93-4310-be00-1cb28b20408c', 'c75004e0-e5e1-4b53-933c-30d96d3b1979', '2026-06-16', '5d09eea2-9b1a-47e4-b1f5-83980c24f8aa', 0.00, 0.00, 'holiday', 'official', 30000, 45000, 0, 'approved', NULL, NOW(), NOW()),
('abfa8873-16b6-42eb-9ca9-7c1a3e135820', 'a0f689f5-8109-45c9-9504-e3e0cdcf37c5', '2026-06-16', '5d09eea2-9b1a-47e4-b1f5-83980c24f8aa', 8.00, 2.00, 'workday', 'official', 36000, 54000, 49500, 'pending_approval', NULL, NOW(), NOW()),
('bd8c7361-fba6-4659-9c96-9db39a5ab7bb', '39489825-0eeb-4884-b1fd-3d16242cd968', '2026-06-16', '7cc55544-d1fa-43e7-8748-bd504864f309', 8.00, 0.00, 'workday', 'official', 82000, 123000, 82000, 'draft', NULL, NOW(), NOW()),
('921c402f-b108-47f8-b56b-78c29407a115', '414c51eb-a95a-4ec3-9ede-1664ea59462d', '2026-06-16', '0e3e0393-78c3-41e7-ace6-2c3569584f86', 0.00, 0.00, 'holiday', 'official', 88000, 132000, 0, 'pending_approval', NULL, NOW(), NOW()),
('11daceb2-12dd-4bd9-b27b-51c7f2d61071', '002e1f05-224e-430a-a685-c6de2430cc8d', '2026-06-16', '5d09eea2-9b1a-47e4-b1f5-83980c24f8aa', 0.00, 0.00, 'absent', 'official', 70000, 105000, 0, 'draft', NULL, NOW(), NOW()),
('72a817aa-6c7a-4271-b38b-a04508d328bb', '6cd21a14-dd2d-4f0f-bdd0-b29645077d8f', '2026-06-16', '50161e91-c579-43b9-b40c-e09b40ce4cb6', 0.00, 0.00, 'holiday', 'official', 63000, 94500, 0, 'approved', NULL, NOW(), NOW()),
('eb515c47-5b96-43a0-bb99-606a2acb1ebf', 'a3f55d93-b049-48bf-b206-f4691e1764b9', '2026-06-16', 'e92020f5-82e1-44f4-91d7-90d84b7e67d3', 0.00, 0.00, 'holiday', 'official', 58000, 87000, 0, 'pending_approval', NULL, NOW(), NOW()),
('525371f7-af1d-4d4f-aeda-355a0a59c361', 'd97bc3a4-82d9-4417-9023-58c69fd96889', '2026-06-16', 'e92020f5-82e1-44f4-91d7-90d84b7e67d3', 0.00, 0.00, 'absent', 'probation', 62000, 93000, 0, 'draft', NULL, NOW(), NOW()),
('e4721a94-b7ae-4fc1-b82e-3e8bf2c86cbd', '8f08174f-c87f-4009-8753-0d639314cfd9', '2026-06-16', '7cc55544-d1fa-43e7-8748-bd504864f309', 8.00, 0.00, 'workday', 'piece_rate', 50000, 75000, 50000, 'approved', NULL, NOW(), NOW()),
('6ae9dbd2-9916-486a-a465-c388342e6c0a', 'bcf8f9a3-a075-4293-b42f-371a2f73788a', '2026-06-16', '50161e91-c579-43b9-b40c-e09b40ce4cb6', 8.00, 0.00, 'workday', 'official', 49000, 73500, 49000, 'approved', NULL, NOW(), NOW()),
('032d84bb-6657-4604-b128-0e78cc1b8f32', 'c32a8b4a-33c4-4f75-87e7-f8bc73a3b569', '2026-06-16', 'e92020f5-82e1-44f4-91d7-90d84b7e67d3', 0.00, 0.00, 'holiday', 'official', 75000, 112500, 0, 'approved', NULL, NOW(), NOW()),
('4182fb21-d0fc-42b9-a62b-eb4e04cc47cd', 'ba563713-478f-4965-ba6b-f18a13bd9a3f', '2026-06-16', '5d09eea2-9b1a-47e4-b1f5-83980c24f8aa', 8.00, 1.50, 'workday', 'official', 55000, 82500, 70469, 'draft', NULL, NOW(), NOW()),
('dabfc5fd-4fe1-4185-a817-07ecc4e8ed8c', 'cf4671da-b389-4f22-a41e-cdc7321b8cd0', '2026-06-16', '50161e91-c579-43b9-b40c-e09b40ce4cb6', 8.00, 2.00, 'workday', 'official', 30000, 45000, 41250, 'pending_approval', NULL, NOW(), NOW()),
('9fa31f38-60f4-4f32-85a7-79056fb4c29a', '3814a2bf-e6d1-4495-86bc-fc1716d2bcec', '2026-06-16', '50161e91-c579-43b9-b40c-e09b40ce4cb6', 8.00, 2.00, 'workday', 'probation', 32000, 48000, 44000, 'approved', NULL, NOW(), NOW()),
('8da02827-0dbd-4038-ae8b-a2449177fe82', '9c982b89-772e-48c5-b2d0-278632d5a1c5', '2026-06-16', '0e3e0393-78c3-41e7-ace6-2c3569584f86', 8.00, 0.00, 'workday', 'official', 56000, 84000, 56000, 'draft', NULL, NOW(), NOW()),
('ef06f036-f4db-4a75-87f5-be6b9cda8af5', 'd9a8b13c-80b9-4fba-860b-d5730fe73379', '2026-06-16', '50161e91-c579-43b9-b40c-e09b40ce4cb6', 0.00, 0.00, 'leave_paid', 'official', 50000, 75000, 0, 'pending_approval', NULL, NOW(), NOW()),
('485040ff-fedd-4b07-83cd-7c10f50cd6a4', '226739db-94f5-4c96-af39-fbc1bf8c0f06', '2026-06-16', '5d09eea2-9b1a-47e4-b1f5-83980c24f8aa', 8.00, 0.00, 'workday', 'piece_rate', 87000, 130500, 87000, 'approved', NULL, NOW(), NOW()),
('0653ac19-5b2a-4326-84c4-372743f4ac3b', '26149372-f15e-465a-9b84-b09793b82381', '2026-06-16', '0e3e0393-78c3-41e7-ace6-2c3569584f86', 0.00, 0.00, 'holiday', 'piece_rate', 88000, 132000, 0, 'draft', NULL, NOW(), NOW()),
('cdfdc754-c6a0-4456-af24-d0dfc84a7ed5', '6c4d26a3-736a-43f6-840e-a05c2c1b222c', '2026-06-16', '0e3e0393-78c3-41e7-ace6-2c3569584f86', 8.00, 1.50, 'workday', 'official', 61000, 91500, 78156, 'pending_approval', NULL, NOW(), NOW()),
('0962231f-604f-4b44-bdb7-3fe4f4e5284d', '979ba8df-9a24-4631-b9a3-da6b4edd5808', '2026-06-16', 'e92020f5-82e1-44f4-91d7-90d84b7e67d3', 8.00, 2.00, 'workday', 'official', 61000, 91500, 83875, 'approved', NULL, NOW(), NOW()),
('c7fc3710-f76f-49ba-87ef-4eb477af4029', 'cd347a86-62f4-43be-b2b5-2d946599a34f', '2026-06-16', '7cc55544-d1fa-43e7-8748-bd504864f309', 0.00, 0.00, 'leave_paid', 'piece_rate', 32000, 48000, 0, 'draft', NULL, NOW(), NOW()),
('5c8b0807-c5b4-4387-bf42-766d6d83b29d', 'f0375a5e-1dc4-4425-9b3a-6864e6e56b87', '2026-06-16', '50161e91-c579-43b9-b40c-e09b40ce4cb6', 8.00, 1.50, 'workday', 'official', 32000, 48000, 41000, 'pending_approval', NULL, NOW(), NOW()),
('dde430dd-ae22-4f20-9236-2979c8a046f7', 'b890b1d4-c456-40bf-af1a-5f61dc6cc45a', '2026-06-16', '7cc55544-d1fa-43e7-8748-bd504864f309', 8.00, 1.50, 'workday', 'official', 77000, 115500, 98656, 'approved', NULL, NOW(), NOW()),
('89b14d07-5e62-4cf7-8f32-f737efac684c', '5752c79c-3c22-4799-a16a-624ea670e92e', '2026-06-16', '7cc55544-d1fa-43e7-8748-bd504864f309', 8.00, 1.50, 'workday', 'official', 50000, 75000, 64063, 'approved', NULL, NOW(), NOW()),
('99653594-b676-4609-93ba-7a5617b75d49', '5c71ec64-2772-432b-ad27-935ac7c3a3d5', '2026-06-16', 'e92020f5-82e1-44f4-91d7-90d84b7e67d3', 8.00, 0.00, 'workday', 'probation', 45000, 67500, 45000, 'approved', NULL, NOW(), NOW()),
('9d30e14a-8b45-4942-a428-cade82dfe53e', '5df0b0ad-3207-474c-8699-e0ff5a5504dc', '2026-06-16', 'e92020f5-82e1-44f4-91d7-90d84b7e67d3', 8.00, 1.50, 'workday', 'official', 61000, 91500, 78156, 'approved', NULL, NOW(), NOW()),
('da9a6610-2b5e-4c04-905b-1ab05c9a683e', 'd1d189f1-7eed-42fe-9be7-1bc83488cca7', '2026-06-15', '50161e91-c579-43b9-b40c-e09b40ce4cb6', 0.00, 0.00, 'absent', 'piece_rate', 45000, 67500, 0, 'approved', NULL, NOW(), NOW()),
('89c4cb7b-38ce-4982-b96e-dd42bb640069', '2cced6b8-cdb8-4961-b7ad-a6e7b9989dab', '2026-06-15', '7cc55544-d1fa-43e7-8748-bd504864f309', 8.00, 0.00, 'workday', 'official', 67000, 100500, 67000, 'approved', NULL, NOW(), NOW()),
('7378ac02-7b22-48fa-b941-c98076fc8051', 'f35b0bf7-c775-438d-9a43-c6ebf9d2d977', '2026-06-15', 'e92020f5-82e1-44f4-91d7-90d84b7e67d3', 0.00, 0.00, 'leave_paid', 'official', 48000, 72000, 0, 'draft', NULL, NOW(), NOW()),
('ed5c0eed-1421-4d6c-94c2-fa9ef3f16cd5', '1b3420c2-d5b8-4d4d-89fe-06ac69b9f05d', '2026-06-15', '0e3e0393-78c3-41e7-ace6-2c3569584f86', 0.00, 0.00, 'leave_paid', 'official', 51000, 76500, 0, 'approved', NULL, NOW(), NOW()),
('547a4fed-1000-4536-bd2b-fe345d08bf65', 'c75004e0-e5e1-4b53-933c-30d96d3b1979', '2026-06-15', '5d09eea2-9b1a-47e4-b1f5-83980c24f8aa', 8.00, 0.00, 'workday', 'piece_rate', 67000, 100500, 67000, 'approved', NULL, NOW(), NOW()),
('2c30379a-51bc-4409-9248-b4623a94850b', 'a0f689f5-8109-45c9-9504-e3e0cdcf37c5', '2026-06-15', '5d09eea2-9b1a-47e4-b1f5-83980c24f8aa', 8.00, 2.00, 'workday', 'official', 46000, 69000, 63250, 'pending_approval', NULL, NOW(), NOW()),
('5409fb43-09b5-46e6-8147-0021901be686', '39489825-0eeb-4884-b1fd-3d16242cd968', '2026-06-15', '7cc55544-d1fa-43e7-8748-bd504864f309', 0.00, 0.00, 'holiday', 'official', 55000, 82500, 0, 'draft', NULL, NOW(), NOW()),
('028ed8d2-14c5-4138-9326-9048d7bad6b6', '414c51eb-a95a-4ec3-9ede-1664ea59462d', '2026-06-15', '0e3e0393-78c3-41e7-ace6-2c3569584f86', 8.00, 0.00, 'workday', 'piece_rate', 51000, 76500, 51000, 'draft', NULL, NOW(), NOW()),
('a5b4efd8-8ca0-4de4-ae9c-88483e32bc48', '002e1f05-224e-430a-a685-c6de2430cc8d', '2026-06-15', '5d09eea2-9b1a-47e4-b1f5-83980c24f8aa', 8.00, 0.00, 'workday', 'piece_rate', 77000, 115500, 77000, 'draft', NULL, NOW(), NOW()),
('dc0ef9c9-edca-43f6-996d-47e5897d32d2', '6cd21a14-dd2d-4f0f-bdd0-b29645077d8f', '2026-06-15', '50161e91-c579-43b9-b40c-e09b40ce4cb6', 8.00, 1.50, 'workday', 'official', 59000, 88500, 75594, 'approved', NULL, NOW(), NOW());

INSERT INTO timesheet_entries (id, worker_id, work_date, site_id, regular_hours, overtime_hours, day_type, contract_type, rate_normal, rate_overtime, pay_amount, status, notes, created_at, updated_at) VALUES
('f075b5b2-a575-4682-8122-f94df0d6c698', 'a3f55d93-b049-48bf-b206-f4691e1764b9', '2026-06-15', 'e92020f5-82e1-44f4-91d7-90d84b7e67d3', 8.00, 0.00, 'workday', 'official', 58000, 87000, 58000, 'draft', NULL, NOW(), NOW()),
('bec5851f-cc97-4e35-8248-24d6b4eb8b48', 'd97bc3a4-82d9-4417-9023-58c69fd96889', '2026-06-15', 'e92020f5-82e1-44f4-91d7-90d84b7e67d3', 0.00, 0.00, 'leave_paid', 'probation', 84000, 126000, 0, 'pending_approval', NULL, NOW(), NOW()),
('8428145c-aa00-4521-a431-fa8a6509c023', '8f08174f-c87f-4009-8753-0d639314cfd9', '2026-06-15', '7cc55544-d1fa-43e7-8748-bd504864f309', 8.00, 0.00, 'workday', 'official', 71000, 106500, 71000, 'approved', NULL, NOW(), NOW()),
('dd213a39-f1b3-4db5-bd40-919bcc92d9ea', 'bcf8f9a3-a075-4293-b42f-371a2f73788a', '2026-06-15', '50161e91-c579-43b9-b40c-e09b40ce4cb6', 8.00, 2.00, 'workday', 'piece_rate', 89000, 133500, 122375, 'draft', NULL, NOW(), NOW()),
('3978b569-6511-45d3-a05c-ef8d9bedec19', 'c32a8b4a-33c4-4f75-87e7-f8bc73a3b569', '2026-06-15', 'e92020f5-82e1-44f4-91d7-90d84b7e67d3', 8.00, 0.00, 'workday', 'official', 87000, 130500, 87000, 'approved', NULL, NOW(), NOW()),
('7efab238-dd21-4edc-9366-02f4ecf25784', 'ba563713-478f-4965-ba6b-f18a13bd9a3f', '2026-06-15', '5d09eea2-9b1a-47e4-b1f5-83980c24f8aa', 8.00, 0.00, 'workday', 'official', 79000, 118500, 79000, 'approved', NULL, NOW(), NOW()),
('3119ce83-f9c5-448c-8618-8083f83bbe5a', 'cf4671da-b389-4f22-a41e-cdc7321b8cd0', '2026-06-15', '50161e91-c579-43b9-b40c-e09b40ce4cb6', 8.00, 1.50, 'workday', 'piece_rate', 73000, 109500, 93531, 'pending_approval', NULL, NOW(), NOW()),
('3f6931e9-02b8-4118-8372-0b3c7d79b6ed', '3814a2bf-e6d1-4495-86bc-fc1716d2bcec', '2026-06-15', '50161e91-c579-43b9-b40c-e09b40ce4cb6', 8.00, 0.00, 'workday', 'probation', 40000, 60000, 40000, 'approved', NULL, NOW(), NOW()),
('724ee89a-8d01-4022-989a-9916f6f476f5', '9c982b89-772e-48c5-b2d0-278632d5a1c5', '2026-06-15', '0e3e0393-78c3-41e7-ace6-2c3569584f86', 8.00, 0.00, 'workday', 'official', 36000, 54000, 36000, 'draft', NULL, NOW(), NOW()),
('e5a0d5f4-23b5-44e1-be2d-478af34e2a23', 'd9a8b13c-80b9-4fba-860b-d5730fe73379', '2026-06-15', '50161e91-c579-43b9-b40c-e09b40ce4cb6', 0.00, 0.00, 'absent', 'piece_rate', 81000, 121500, 0, 'draft', NULL, NOW(), NOW()),
('03019fbb-a2ce-4809-bb0d-31ba006f9bfc', '226739db-94f5-4c96-af39-fbc1bf8c0f06', '2026-06-15', '5d09eea2-9b1a-47e4-b1f5-83980c24f8aa', 0.00, 0.00, 'holiday', 'official', 62000, 93000, 0, 'draft', NULL, NOW(), NOW()),
('7048f791-26a9-43ff-8667-ea5aeac69697', '26149372-f15e-465a-9b84-b09793b82381', '2026-06-15', '0e3e0393-78c3-41e7-ace6-2c3569584f86', 0.00, 0.00, 'absent', 'official', 30000, 45000, 0, 'approved', NULL, NOW(), NOW()),
('d344c4ac-01a9-400a-a75c-233661f0b117', '6c4d26a3-736a-43f6-840e-a05c2c1b222c', '2026-06-15', '0e3e0393-78c3-41e7-ace6-2c3569584f86', 8.00, 2.00, 'workday', 'piece_rate', 57000, 85500, 78375, 'approved', NULL, NOW(), NOW()),
('3e7214cf-e94e-4b6a-b629-7fe99b0058a2', '979ba8df-9a24-4631-b9a3-da6b4edd5808', '2026-06-15', 'e92020f5-82e1-44f4-91d7-90d84b7e67d3', 8.00, 0.00, 'workday', 'official', 68000, 102000, 68000, 'approved', NULL, NOW(), NOW()),
('32aaab50-3a1a-4b78-85a5-ba75cc57e5fb', 'cd347a86-62f4-43be-b2b5-2d946599a34f', '2026-06-15', '7cc55544-d1fa-43e7-8748-bd504864f309', 8.00, 0.00, 'workday', 'official', 31000, 46500, 31000, 'draft', NULL, NOW(), NOW()),
('c9357f98-b17e-4369-9496-4c00a38899ae', 'f0375a5e-1dc4-4425-9b3a-6864e6e56b87', '2026-06-15', '50161e91-c579-43b9-b40c-e09b40ce4cb6', 8.00, 0.00, 'workday', 'piece_rate', 54000, 81000, 54000, 'approved', NULL, NOW(), NOW()),
('ff1e08c1-6365-4e86-ae1d-eaa5b3d956a1', 'b890b1d4-c456-40bf-af1a-5f61dc6cc45a', '2026-06-15', '7cc55544-d1fa-43e7-8748-bd504864f309', 8.00, 0.00, 'workday', 'piece_rate', 60000, 90000, 60000, 'approved', NULL, NOW(), NOW()),
('9ead3d48-29d9-4aec-86f3-976f330f3dd8', '5752c79c-3c22-4799-a16a-624ea670e92e', '2026-06-15', '7cc55544-d1fa-43e7-8748-bd504864f309', 8.00, 0.00, 'workday', 'official', 47000, 70500, 47000, 'draft', NULL, NOW(), NOW()),
('af0da802-81e6-4d43-b1d2-b750c59f56d3', '5c71ec64-2772-432b-ad27-935ac7c3a3d5', '2026-06-15', 'e92020f5-82e1-44f4-91d7-90d84b7e67d3', 8.00, 0.00, 'workday', 'probation', 70000, 105000, 70000, 'approved', NULL, NOW(), NOW()),
('8c6f87e3-f408-4089-9fb4-24a7e3b20235', '5df0b0ad-3207-474c-8699-e0ff5a5504dc', '2026-06-15', 'e92020f5-82e1-44f4-91d7-90d84b7e67d3', 8.00, 0.00, 'workday', 'official', 37000, 55500, 37000, 'draft', NULL, NOW(), NOW()),
('dd9ace6b-e5e1-41d2-8a59-573beab7f97c', 'd1d189f1-7eed-42fe-9be7-1bc83488cca7', '2026-06-14', '50161e91-c579-43b9-b40c-e09b40ce4cb6', 8.00, 0.00, 'workday', 'piece_rate', 32000, 48000, 32000, 'draft', NULL, NOW(), NOW()),
('b85ff4bd-62ae-45e9-bd92-a7f00021ca5b', '2cced6b8-cdb8-4961-b7ad-a6e7b9989dab', '2026-06-14', '7cc55544-d1fa-43e7-8748-bd504864f309', 8.00, 1.50, 'workday', 'piece_rate', 31000, 46500, 39719, 'approved', NULL, NOW(), NOW()),
('2ffb0f61-64be-4114-8fb4-149c5142249f', 'f35b0bf7-c775-438d-9a43-c6ebf9d2d977', '2026-06-14', 'e92020f5-82e1-44f4-91d7-90d84b7e67d3', 0.00, 0.00, 'leave_paid', 'official', 63000, 94500, 0, 'approved', NULL, NOW(), NOW()),
('7b045f7f-9c23-4817-984c-45b70c9dfb38', '1b3420c2-d5b8-4d4d-89fe-06ac69b9f05d', '2026-06-14', '0e3e0393-78c3-41e7-ace6-2c3569584f86', 8.00, 0.00, 'workday', 'official', 59000, 88500, 59000, 'pending_approval', NULL, NOW(), NOW()),
('bdab15f5-63e6-424d-9ed8-4850c3a6e384', 'c75004e0-e5e1-4b53-933c-30d96d3b1979', '2026-06-14', '5d09eea2-9b1a-47e4-b1f5-83980c24f8aa', 8.00, 1.50, 'workday', 'official', 74000, 111000, 94813, 'draft', NULL, NOW(), NOW()),
('1245f0ef-c478-4c1c-8d7b-c84747fe0694', 'a0f689f5-8109-45c9-9504-e3e0cdcf37c5', '2026-06-14', '5d09eea2-9b1a-47e4-b1f5-83980c24f8aa', 8.00, 2.00, 'workday', 'official', 55000, 82500, 75625, 'draft', NULL, NOW(), NOW()),
('b32c2bce-11d1-44cc-b14b-38d8c62c4993', '39489825-0eeb-4884-b1fd-3d16242cd968', '2026-06-14', '7cc55544-d1fa-43e7-8748-bd504864f309', 8.00, 0.00, 'workday', 'official', 70000, 105000, 70000, 'approved', NULL, NOW(), NOW()),
('7dd7cf8a-eb8a-4c96-8c45-9e017e9cf79b', '414c51eb-a95a-4ec3-9ede-1664ea59462d', '2026-06-14', '0e3e0393-78c3-41e7-ace6-2c3569584f86', 8.00, 1.50, 'workday', 'official', 63000, 94500, 80719, 'approved', NULL, NOW(), NOW()),
('454fb261-c6a1-4a8c-8dd7-d809afd00e90', '002e1f05-224e-430a-a685-c6de2430cc8d', '2026-06-14', '5d09eea2-9b1a-47e4-b1f5-83980c24f8aa', 8.00, 0.00, 'workday', 'piece_rate', 66000, 99000, 66000, 'approved', NULL, NOW(), NOW()),
('7951ed9d-e107-4aaa-8f8e-3937ae9acc79', '6cd21a14-dd2d-4f0f-bdd0-b29645077d8f', '2026-06-14', '50161e91-c579-43b9-b40c-e09b40ce4cb6', 8.00, 0.00, 'workday', 'official', 78000, 117000, 78000, 'draft', NULL, NOW(), NOW()),
('1c1b3654-12e3-4a27-96fd-5eb6806fa05c', 'a3f55d93-b049-48bf-b206-f4691e1764b9', '2026-06-14', 'e92020f5-82e1-44f4-91d7-90d84b7e67d3', 0.00, 0.00, 'holiday', 'official', 76000, 114000, 0, 'approved', NULL, NOW(), NOW()),
('2e977cd6-bc56-421d-b048-fed74ae2f60f', 'd97bc3a4-82d9-4417-9023-58c69fd96889', '2026-06-14', 'e92020f5-82e1-44f4-91d7-90d84b7e67d3', 0.00, 0.00, 'leave_paid', 'probation', 43000, 64500, 0, 'approved', NULL, NOW(), NOW()),
('84ca2aec-42f0-4d60-ae53-b7c9a872c093', '8f08174f-c87f-4009-8753-0d639314cfd9', '2026-06-14', '7cc55544-d1fa-43e7-8748-bd504864f309', 8.00, 1.50, 'workday', 'piece_rate', 56000, 84000, 71750, 'pending_approval', NULL, NOW(), NOW()),
('af831d57-9493-42be-8cf9-0e67aadb8f9a', 'bcf8f9a3-a075-4293-b42f-371a2f73788a', '2026-06-14', '50161e91-c579-43b9-b40c-e09b40ce4cb6', 8.00, 0.00, 'workday', 'piece_rate', 82000, 123000, 82000, 'approved', NULL, NOW(), NOW()),
('81dd794b-e2e7-4d8b-ba30-1dce66a95407', 'c32a8b4a-33c4-4f75-87e7-f8bc73a3b569', '2026-06-14', 'e92020f5-82e1-44f4-91d7-90d84b7e67d3', 0.00, 0.00, 'absent', 'official', 50000, 75000, 0, 'approved', NULL, NOW(), NOW()),
('b6b7e91b-1fc4-42cf-ac05-22b12bfd378b', 'ba563713-478f-4965-ba6b-f18a13bd9a3f', '2026-06-14', '5d09eea2-9b1a-47e4-b1f5-83980c24f8aa', 0.00, 0.00, 'leave_paid', 'official', 83000, 124500, 0, 'pending_approval', NULL, NOW(), NOW()),
('69a4c1b5-3ec0-4bb1-a70b-c0bc5f21ee0d', 'cf4671da-b389-4f22-a41e-cdc7321b8cd0', '2026-06-14', '50161e91-c579-43b9-b40c-e09b40ce4cb6', 0.00, 0.00, 'holiday', 'piece_rate', 58000, 87000, 0, 'approved', NULL, NOW(), NOW()),
('837ad90a-fe5b-4384-b969-0998a02c09a8', '3814a2bf-e6d1-4495-86bc-fc1716d2bcec', '2026-06-14', '50161e91-c579-43b9-b40c-e09b40ce4cb6', 8.00, 0.00, 'workday', 'probation', 39000, 58500, 39000, 'approved', NULL, NOW(), NOW()),
('73d5a00f-3d0c-47a6-aa81-1ce12faa07a0', '9c982b89-772e-48c5-b2d0-278632d5a1c5', '2026-06-14', '0e3e0393-78c3-41e7-ace6-2c3569584f86', 8.00, 2.00, 'workday', 'official', 58000, 87000, 79750, 'draft', NULL, NOW(), NOW()),
('f8d15200-413f-4725-9678-6367bbbb904b', 'd9a8b13c-80b9-4fba-860b-d5730fe73379', '2026-06-14', '50161e91-c579-43b9-b40c-e09b40ce4cb6', 0.00, 0.00, 'holiday', 'official', 62000, 93000, 0, 'approved', NULL, NOW(), NOW());

INSERT INTO timesheet_entries (id, worker_id, work_date, site_id, regular_hours, overtime_hours, day_type, contract_type, rate_normal, rate_overtime, pay_amount, status, notes, created_at, updated_at) VALUES
('d7710877-ff7d-4e54-8ff4-92c6d63f58f5', '226739db-94f5-4c96-af39-fbc1bf8c0f06', '2026-06-14', '5d09eea2-9b1a-47e4-b1f5-83980c24f8aa', 8.00, 0.00, 'workday', 'official', 66000, 99000, 66000, 'approved', NULL, NOW(), NOW()),
('8d00b8ac-ab27-4dd7-a4e8-bf3325c336b7', '26149372-f15e-465a-9b84-b09793b82381', '2026-06-14', '0e3e0393-78c3-41e7-ace6-2c3569584f86', 8.00, 1.50, 'workday', 'official', 33000, 49500, 42281, 'pending_approval', NULL, NOW(), NOW()),
('db521f7c-6664-4813-ad54-43e031bb5a89', '6c4d26a3-736a-43f6-840e-a05c2c1b222c', '2026-06-14', '0e3e0393-78c3-41e7-ace6-2c3569584f86', 8.00, 0.00, 'workday', 'piece_rate', 61000, 91500, 61000, 'approved', NULL, NOW(), NOW()),
('fc7767d8-87a9-42e6-b483-689f4d09d2cc', '979ba8df-9a24-4631-b9a3-da6b4edd5808', '2026-06-14', 'e92020f5-82e1-44f4-91d7-90d84b7e67d3', 8.00, 2.00, 'workday', 'official', 61000, 91500, 83875, 'draft', NULL, NOW(), NOW()),
('69f0d3fd-f9e8-4447-a3bc-04f49be5933b', 'cd347a86-62f4-43be-b2b5-2d946599a34f', '2026-06-14', '7cc55544-d1fa-43e7-8748-bd504864f309', 8.00, 1.50, 'workday', 'official', 40000, 60000, 51250, 'draft', NULL, NOW(), NOW()),
('1dc84460-5935-449e-9438-324f6b77e2c4', 'f0375a5e-1dc4-4425-9b3a-6864e6e56b87', '2026-06-14', '50161e91-c579-43b9-b40c-e09b40ce4cb6', 0.00, 0.00, 'absent', 'piece_rate', 69000, 103500, 0, 'pending_approval', NULL, NOW(), NOW()),
('b0071fbc-e7be-4f2e-9e8e-9f291bc88223', 'b890b1d4-c456-40bf-af1a-5f61dc6cc45a', '2026-06-14', '7cc55544-d1fa-43e7-8748-bd504864f309', 8.00, 0.00, 'workday', 'official', 76000, 114000, 76000, 'pending_approval', NULL, NOW(), NOW()),
('bf4dda42-ce8f-46e6-b9ae-2ea7ff5412ef', '5752c79c-3c22-4799-a16a-624ea670e92e', '2026-06-14', '7cc55544-d1fa-43e7-8748-bd504864f309', 0.00, 0.00, 'holiday', 'official', 69000, 103500, 0, 'approved', NULL, NOW(), NOW()),
('21c46f82-0c99-4a45-9f1f-d9c6786f4bb3', '5c71ec64-2772-432b-ad27-935ac7c3a3d5', '2026-06-14', 'e92020f5-82e1-44f4-91d7-90d84b7e67d3', 0.00, 0.00, 'leave_paid', 'probation', 68000, 102000, 0, 'draft', NULL, NOW(), NOW()),
('fecc6f37-09e9-4aa4-9ef5-d0b0c58b5024', '5df0b0ad-3207-474c-8699-e0ff5a5504dc', '2026-06-14', 'e92020f5-82e1-44f4-91d7-90d84b7e67d3', 0.00, 0.00, 'holiday', 'official', 74000, 111000, 0, 'pending_approval', NULL, NOW(), NOW()),
('8b66522c-15cc-4369-9a79-94b924fd0599', 'd1d189f1-7eed-42fe-9be7-1bc83488cca7', '2026-06-13', '50161e91-c579-43b9-b40c-e09b40ce4cb6', 0.00, 0.00, 'absent', 'piece_rate', 62000, 93000, 0, 'approved', NULL, NOW(), NOW()),
('db6bd8ad-9b78-4fa5-ae5b-8ffc855e3b2f', '2cced6b8-cdb8-4961-b7ad-a6e7b9989dab', '2026-06-13', '7cc55544-d1fa-43e7-8748-bd504864f309', 8.00, 2.00, 'workday', 'official', 53000, 79500, 72875, 'approved', NULL, NOW(), NOW()),
('f75d6549-1dfa-478f-9f7c-71d10eacce7c', 'f35b0bf7-c775-438d-9a43-c6ebf9d2d977', '2026-06-13', 'e92020f5-82e1-44f4-91d7-90d84b7e67d3', 0.00, 0.00, 'holiday', 'piece_rate', 47000, 70500, 0, 'pending_approval', NULL, NOW(), NOW()),
('faaf793e-1bf2-43d4-bcbd-34ceec117678', '1b3420c2-d5b8-4d4d-89fe-06ac69b9f05d', '2026-06-13', '0e3e0393-78c3-41e7-ace6-2c3569584f86', 0.00, 0.00, 'leave_paid', 'official', 79000, 118500, 0, 'pending_approval', NULL, NOW(), NOW()),
('cca5826a-816b-4713-b5f7-fd6ab5b0a572', 'c75004e0-e5e1-4b53-933c-30d96d3b1979', '2026-06-13', '5d09eea2-9b1a-47e4-b1f5-83980c24f8aa', 8.00, 2.00, 'workday', 'piece_rate', 38000, 57000, 52250, 'draft', NULL, NOW(), NOW()),
('5f703c3e-3a1c-41d5-bf31-6edca4ffc53a', 'a0f689f5-8109-45c9-9504-e3e0cdcf37c5', '2026-06-13', '5d09eea2-9b1a-47e4-b1f5-83980c24f8aa', 8.00, 0.00, 'workday', 'piece_rate', 35000, 52500, 35000, 'approved', NULL, NOW(), NOW()),
('f2e93b14-d117-4951-ae83-753287ee9e47', '39489825-0eeb-4884-b1fd-3d16242cd968', '2026-06-13', '7cc55544-d1fa-43e7-8748-bd504864f309', 8.00, 2.00, 'workday', 'official', 35000, 52500, 48125, 'approved', NULL, NOW(), NOW()),
('91075447-acfc-4bdd-81d2-2641d198125c', '414c51eb-a95a-4ec3-9ede-1664ea59462d', '2026-06-13', '0e3e0393-78c3-41e7-ace6-2c3569584f86', 8.00, 0.00, 'workday', 'piece_rate', 60000, 90000, 60000, 'approved', NULL, NOW(), NOW()),
('47027085-c8a1-45e2-b55e-c0a147a28835', '002e1f05-224e-430a-a685-c6de2430cc8d', '2026-06-13', '5d09eea2-9b1a-47e4-b1f5-83980c24f8aa', 8.00, 1.50, 'workday', 'official', 40000, 60000, 51250, 'draft', NULL, NOW(), NOW()),
('ef69dee2-7f4e-43e0-9331-06256f76dab6', '6cd21a14-dd2d-4f0f-bdd0-b29645077d8f', '2026-06-13', '50161e91-c579-43b9-b40c-e09b40ce4cb6', 8.00, 0.00, 'workday', 'official', 78000, 117000, 78000, 'approved', NULL, NOW(), NOW()),
('66c985bc-6b5b-4797-9058-7b8c26420ef7', 'a3f55d93-b049-48bf-b206-f4691e1764b9', '2026-06-13', 'e92020f5-82e1-44f4-91d7-90d84b7e67d3', 8.00, 2.00, 'workday', 'official', 34000, 51000, 46750, 'approved', NULL, NOW(), NOW()),
('22b07a55-c70a-4fbd-88f6-cb7f063b2b85', 'd97bc3a4-82d9-4417-9023-58c69fd96889', '2026-06-13', 'e92020f5-82e1-44f4-91d7-90d84b7e67d3', 8.00, 0.00, 'workday', 'probation', 68000, 102000, 68000, 'approved', NULL, NOW(), NOW()),
('9e74304e-ba8b-408f-b2c4-5289df5b8780', '8f08174f-c87f-4009-8753-0d639314cfd9', '2026-06-13', '7cc55544-d1fa-43e7-8748-bd504864f309', 0.00, 0.00, 'leave_paid', 'official', 72000, 108000, 0, 'pending_approval', NULL, NOW(), NOW()),
('4d20ff52-a540-4f12-a8d5-645759b19ed6', 'bcf8f9a3-a075-4293-b42f-371a2f73788a', '2026-06-13', '50161e91-c579-43b9-b40c-e09b40ce4cb6', 8.00, 2.00, 'workday', 'official', 61000, 91500, 83875, 'approved', NULL, NOW(), NOW()),
('edbb238f-c0bf-4efc-bea7-db98b0d26428', 'c32a8b4a-33c4-4f75-87e7-f8bc73a3b569', '2026-06-13', 'e92020f5-82e1-44f4-91d7-90d84b7e67d3', 8.00, 0.00, 'workday', 'official', 47000, 70500, 47000, 'approved', NULL, NOW(), NOW()),
('95e261e0-2c9c-4f62-9617-77e398945604', 'ba563713-478f-4965-ba6b-f18a13bd9a3f', '2026-06-13', '5d09eea2-9b1a-47e4-b1f5-83980c24f8aa', 0.00, 0.00, 'holiday', 'official', 72000, 108000, 0, 'approved', NULL, NOW(), NOW()),
('b742878f-040a-49ae-9390-70f5429909c2', 'cf4671da-b389-4f22-a41e-cdc7321b8cd0', '2026-06-13', '50161e91-c579-43b9-b40c-e09b40ce4cb6', 8.00, 1.50, 'workday', 'official', 79000, 118500, 101219, 'approved', NULL, NOW(), NOW()),
('f19972bb-9feb-461b-922b-72e15352a3d2', '3814a2bf-e6d1-4495-86bc-fc1716d2bcec', '2026-06-13', '50161e91-c579-43b9-b40c-e09b40ce4cb6', 0.00, 0.00, 'absent', 'probation', 47000, 70500, 0, 'approved', NULL, NOW(), NOW()),
('1a2a4c7d-81cc-4f37-a104-f007eeca0982', '9c982b89-772e-48c5-b2d0-278632d5a1c5', '2026-06-13', '0e3e0393-78c3-41e7-ace6-2c3569584f86', 0.00, 0.00, 'absent', 'official', 37000, 55500, 0, 'approved', NULL, NOW(), NOW()),
('c5ed2dad-9b46-4de1-9055-10ecd9a9f347', 'd9a8b13c-80b9-4fba-860b-d5730fe73379', '2026-06-13', '50161e91-c579-43b9-b40c-e09b40ce4cb6', 0.00, 0.00, 'leave_paid', 'piece_rate', 57000, 85500, 0, 'approved', NULL, NOW(), NOW()),
('19b54207-ce62-49be-acfc-6d4941cd3379', '226739db-94f5-4c96-af39-fbc1bf8c0f06', '2026-06-13', '5d09eea2-9b1a-47e4-b1f5-83980c24f8aa', 8.00, 0.00, 'workday', 'official', 65000, 97500, 65000, 'draft', NULL, NOW(), NOW()),
('d057fd8d-32a4-4ac1-918f-0a0d29046af6', '26149372-f15e-465a-9b84-b09793b82381', '2026-06-13', '0e3e0393-78c3-41e7-ace6-2c3569584f86', 0.00, 0.00, 'holiday', 'official', 86000, 129000, 0, 'approved', NULL, NOW(), NOW()),
('9f974096-5194-4061-b2c9-72c2e77cb015', '6c4d26a3-736a-43f6-840e-a05c2c1b222c', '2026-06-13', '0e3e0393-78c3-41e7-ace6-2c3569584f86', 0.00, 0.00, 'leave_paid', 'official', 84000, 126000, 0, 'pending_approval', NULL, NOW(), NOW()),
('1f7e3d89-0bfa-4a8d-a7c3-d5c74110d04e', '979ba8df-9a24-4631-b9a3-da6b4edd5808', '2026-06-13', 'e92020f5-82e1-44f4-91d7-90d84b7e67d3', 8.00, 1.50, 'workday', 'piece_rate', 78000, 117000, 99938, 'draft', NULL, NOW(), NOW()),
('0bd9824a-b438-4f5d-8754-4085660e8196', 'cd347a86-62f4-43be-b2b5-2d946599a34f', '2026-06-13', '7cc55544-d1fa-43e7-8748-bd504864f309', 0.00, 0.00, 'absent', 'official', 77000, 115500, 0, 'approved', NULL, NOW(), NOW()),
('8189747a-179c-4688-83c3-9cac8bf731d5', 'f0375a5e-1dc4-4425-9b3a-6864e6e56b87', '2026-06-13', '50161e91-c579-43b9-b40c-e09b40ce4cb6', 8.00, 2.00, 'workday', 'piece_rate', 37000, 55500, 50875, 'draft', NULL, NOW(), NOW()),
('b24fd363-b2f6-4391-883b-a96c36faa6db', 'b890b1d4-c456-40bf-af1a-5f61dc6cc45a', '2026-06-13', '7cc55544-d1fa-43e7-8748-bd504864f309', 0.00, 0.00, 'holiday', 'official', 73000, 109500, 0, 'draft', NULL, NOW(), NOW()),
('f7f149a0-a451-409f-8250-63d370176d29', '5752c79c-3c22-4799-a16a-624ea670e92e', '2026-06-13', '7cc55544-d1fa-43e7-8748-bd504864f309', 0.00, 0.00, 'absent', 'official', 88000, 132000, 0, 'draft', NULL, NOW(), NOW()),
('7366d743-5b71-42cc-bf39-90782a8a37bd', '5c71ec64-2772-432b-ad27-935ac7c3a3d5', '2026-06-13', 'e92020f5-82e1-44f4-91d7-90d84b7e67d3', 0.00, 0.00, 'holiday', 'probation', 52000, 78000, 0, 'approved', NULL, NOW(), NOW()),
('0f361328-3f64-4217-a1a9-25bba7096975', '5df0b0ad-3207-474c-8699-e0ff5a5504dc', '2026-06-13', 'e92020f5-82e1-44f4-91d7-90d84b7e67d3', 0.00, 0.00, 'absent', 'piece_rate', 34000, 51000, 0, 'pending_approval', NULL, NOW(), NOW());

-- =========================================================================
-- TỔNG: 5 sites, 15 customers, 26 contacts,
--       100 workers, 100 contracts, 25 projects,
--       25 quotes, 66 items, 50 pay steps,
--       60 tasks, 68 assignments, 120 timesheets.
-- =========================================================================
